num_games_complete,update_num,val_loss,action_loss,entropy_loss,total_policy_steps,total_elapsed_time,curr_entropy_coef,curr_reward_weight
0,1,0.0030265358138422014,-0.0210017197302174,0.10668066775798797,9600,0.020470579067866007,,
0,2,0.00023890309654840772,-0.032657937269080624,0.10523525102933252,14400,0.04038688672913445,,
0,3,0.00012307266224524936,-0.03853612739731034,0.10756545356909437,19200,0.059576962921354504,,
1,4,0.0001706386671836905,-0.03387434295447444,0.10730873394012465,24000,0.07877101639906565,,
5,5,0.00031929230732809325,-0.03681923443206567,0.10230150713523235,28800,0.09843643565972646,,
10,6,0.001335308075916449,-0.03468283466694023,0.1027368299166362,33600,0.11768895361158582,,
14,7,0.000296810769274695,-0.029661960143312172,0.10492150036493945,38400,0.13695490770869784,,
18,8,0.0015921285183746173,-0.025933569017797708,0.10187656726439796,43200,0.1561487442917294,,
28,9,0.00034566895404471626,-0.03459628524554622,0.08939774988094969,48000,0.17538323362668357,,
39,10,0.00024920857201019925,-0.044461779296671014,0.09175719360510506,52800,0.1948886137538486,,
50,11,0.0021864916820656314,-0.034382683396324866,0.08864053666591643,57600,0.2141888952255249,,
61,12,0.003969281150724176,-0.03550688497519635,0.09432891297340394,62400,0.23322725978162553,,
70,13,0.003952132093248414,-0.03839356791637935,0.08995223093032835,67200,0.25217949410279594,,
85,14,0.0033147281776109592,-0.035140345381902686,0.09901045405864704,72000,0.2712821760442522,,
95,15,0.0007736293292206635,-0.03974795947384943,0.08782388887802763,76800,0.29003896600670287,,
102,16,0.0018377620902659448,-0.03958485984118549,0.10034931830565134,81600,0.3085231220722198,,
110,17,0.0037968548932137006,-0.028015702228367446,0.09278041821718214,86400,0.3270650971598095,,
123,18,0.001065139888851263,-0.03272178535204754,0.10579101351896927,91200,0.3460483019881778,,
142,19,0.0017295870585257943,-0.04202773149348407,0.1099973303476969,96000,0.3650799819495943,,
152,20,0.004393871757626281,-0.032751032422205145,0.1118878974914551,100800,0.38381690204143526,,
160,21,0.0019800088360170777,-0.04441887938852839,0.1229834771553676,105600,0.40252196106645793,,
170,22,0.0073723432420592875,-0.037701089640904684,0.11844238468011219,110400,0.4214756354358461,,
174,23,0.0016978098490047463,-0.047448175085457935,0.12121994121869403,115200,0.44035000834200116,,
178,24,0.002278631165245315,-0.04035690691551205,0.12318222538630175,120000,0.4593726360135608,,
191,25,0.0034664492228936674,-0.038599292932243165,0.12037558988730121,124800,0.47848742451932696,,
204,26,0.003031051673648714,-0.035500315427373155,0.11754586120446514,129600,0.4974256759881973,,
213,27,0.001393430572898069,-0.04196830312478899,0.11315351943174999,134400,0.5410223451587889,,
232,28,0.004414242642208895,-0.03431327998957082,0.11493981675306951,139200,0.5598751796616448,,
242,29,0.0020770101669162007,-0.043053964464403786,0.12704909483591723,144000,0.5786431596014234,,
255,30,0.008625861875467914,-0.03161259736043576,0.124103595852852,148800,0.5974789355198542,,
264,31,0.0028663663664701745,-0.038284327215054266,0.12619816780090323,153600,0.6161960490544637,,
276,32,0.00538329280304121,-0.03735209550941363,0.13694130794207254,158400,0.6351650964551502,,
285,33,0.0026303116541384953,-0.05003394756034443,0.13416778580347707,163200,0.6541335511869855,,
295,34,0.0046691396945486,-0.03511397909860534,0.1318203034798305,168000,0.6725471820433935,,
302,35,0.0024438346352932665,-0.04725508038560899,0.12961192413171127,172800,0.6911301232708825,,
317,36,0.003108418680009587,-0.045549680417995356,0.14681371343135838,177600,0.709684644540151,,
331,37,0.002602735107696693,-0.04717927951545183,0.1491773687998453,182400,0.7282223500145806,,
341,38,0.0008790249195347618,-0.0458829491670258,0.14343226329485573,187200,0.7468803881936603,,
350,39,0.0017948550783330574,-0.044677450065501036,0.1473119449218114,192000,0.7654081933365928,,
354,40,0.0012329111662741827,-0.0452170693128816,0.14986004114151005,196800,0.7843058474858602,,
368,41,0.005497585102906062,-0.03591137908544321,0.1413870287338893,201600,0.8029196524620056,,
378,42,0.0019636735620830827,-0.04583876803323316,0.1384905749956767,206400,0.821481442451477,,
387,43,0.002721654633205617,-0.050247030425816776,0.14102648687362668,211200,0.8403268142541249,,
395,44,0.0015692925324401585,-0.04444477841194991,0.1365705232620239,216000,0.8590928603543175,,
404,45,0.00414510060363682,-0.04462364448336302,0.12746745137373602,220800,0.8778680874903997,,
415,46,0.0024147403592602737,-0.04284941903606523,0.13382307771841687,225600,0.8966479537884394,,
425,47,0.0014374957427207846,-0.04934791833429699,0.13474100315570833,230400,0.9156075090832181,,
440,48,0.00458801255566262,-0.037309060550978754,0.12496827181180313,235200,0.9341188355286916,,
448,49,0.002681850670584633,-0.04478649650942922,0.1317448765834173,240000,0.9528881067699856,,
462,50,0.003555520422257056,-0.04383226316300958,0.1338034475644429,244800,0.9716464628775915,,
468,51,0.002410095817685942,-0.04373827276237231,0.13065859246253972,249600,0.9904374930593702,,
479,52,0.003159360387871857,-0.04419234546652054,0.13152940332889548,254400,1.0339511603116989,,
488,53,0.0012823527769190454,-0.052653742213442455,0.1417805304129917,259200,1.0524426525831223,,
500,54,0.001814944637529455,-0.03898485321615226,0.12861751699447635,264000,1.0708662407928042,,
506,55,0.0018460494648631235,-0.042071600708125816,0.1352431139548619,268800,1.0897834103637272,,
511,56,0.0005082902642849755,-0.052309881582914386,0.13253985015551248,273600,1.1086839116944207,,
519,57,0.0023827855674123082,-0.040916853180200025,0.12478890331586215,278400,1.127725481920772,,
528,58,0.002063125126126882,-0.04957069701279882,0.1263345855077108,283200,1.1464530632230971,,
535,59,0.0008028201910443993,-0.04674240293770708,0.1153268169959386,288000,1.16480726480484,,
548,60,0.0022872726007335587,-0.044757146875478306,0.11955822555224097,292800,1.1837230359845692,,
561,61,0.0005684291042295323,-0.04986863416068748,0.11829905724525451,297600,1.2027462106280857,,
567,62,0.0006891074272668145,-0.053004121780675935,0.1268867888053259,302400,1.2215194965733422,,
576,63,0.004165028419386848,-0.03892417621985563,0.1162818138202031,307200,1.2401792296436098,,
587,64,0.0014143305740920672,-0.04680396674011718,0.12099732375144949,312000,1.259277414282163,,
595,65,0.002568860822793795,-0.04482468917873727,0.12027592917283379,316800,1.2784570790661707,,
609,66,0.0035858269375845945,-0.04281950685817719,0.1242740282615026,321600,1.2973808263407813,,
623,67,0.002516073098255826,-0.04050928340123695,0.12713948770364128,326400,1.3159340428643755,,
628,68,0.0007505140359474657,-0.048357514563637474,0.12697213971614832,331200,1.3345828813976712,,
635,69,0.003499993983253565,-0.044515648984330865,0.13012775214513142,336000,1.3539118713140488,,
641,70,0.00199117028235681,-0.045851800067612206,0.1354863472779591,340800,1.3725895477665795,,
657,71,0.003793131397954615,-0.041315153830297886,0.1290797902743022,345600,1.391450988849004,,
667,72,0.0022730103738770897,-0.041552627468384645,0.12678742309411367,350400,1.4103528516160118,,
672,73,0.0025086822531496483,-0.04203494979277214,0.13333753708998358,355200,1.4292365915907754,,
681,74,0.0026742418337865575,-0.04719519944119384,0.1283151846726735,360000,1.448185376127561,,
691,75,0.004646805452527284,-0.030324303862532057,0.12078183734416958,364800,1.4673146735297309,,
702,76,0.0021062813180227143,-0.04361582276821233,0.12282510948181156,369600,1.4866210927565893,,
713,77,0.0023510062493490597,-0.04460796332114114,0.12389932024478914,374400,1.5387001936303244,,
725,78,0.003263536929080146,-0.03827683915066397,0.11862477854887644,379200,1.558456717663341,,
737,79,0.0026433205105907596,-0.04167863765637681,0.12504755985736854,384000,1.578023416068819,,
747,80,0.0018614902849246088,-0.04300515251804124,0.11371145606040957,388800,1.59732628762722,,
762,81,0.003304100939446168,-0.03922939329061895,0.10719874302546187,393600,1.616247360110283,,
777,82,0.0047603330134734275,-0.042238859775655634,0.10952599593003591,398400,1.6351326086786058,,
785,83,0.0022860287448565942,-0.0497292352766029,0.1145836599270503,403200,1.6545353620582157,,
795,84,0.0030056777490244714,-0.04887727272310561,0.11157352964083357,408000,1.67372611562411,,
810,85,0.0022919470517081208,-0.05134710420825286,0.11598096311092368,412800,1.6924700724416308,,
819,86,0.002637198511123036,-0.05075766188710986,0.12408716595172883,417600,1.711260664595498,,
829,87,0.002358929968007336,-0.05120336846072557,0.12896050667762754,422400,1.730312211977111,,
836,88,0.004615752665267791,-0.04896159479394555,0.13451937441031145,427200,1.749160083797243,,
840,89,0.0009112210519864069,-0.05179851382272318,0.13701735035578397,432000,1.768398384584321,,
847,90,0.0023679001079775237,-0.04974082884630964,0.13589421069622046,436800,1.7875134983989927,,
856,91,0.002296556435006399,-0.04862674323958345,0.13233935821056367,441600,1.806763582693206,,
865,92,0.0021360835882660465,-0.04940572762570809,0.12797195482254028,446400,1.8260015183024936,,
875,93,0.004643697676995847,-0.04663172666381191,0.12770406440893806,451200,1.8453855039013756,,
882,94,0.002009232081400114,-0.04803512880801766,0.12447531751791642,456000,1.864279196328587,,
889,95,0.0017258950164735628,-0.04695796834688129,0.11762870061397557,460800,1.8830431574583053,,
905,96,0.0013682814952820385,-0.052454798770243845,0.11416700057188668,465600,1.9020210768116845,,
920,97,0.0011230970942657829,-0.05481444994984486,0.11483053255081173,470400,1.9211619448661805,,
935,98,0.004335690375834626,-0.04332323035656979,0.11852757314840953,475200,1.9397951081064013,,
944,99,0.002341819384067397,-0.04738979648712605,0.11334325118859606,480000,1.9586755825413598,,
957,100,0.0022357838791018975,-0.04503580177676365,0.10936493110656734,484800,1.9774000841379165,,
970,101,0.0011920571835313846,-0.050270439130690646,0.11678965882460277,489600,1.9961272356907527,,
983,102,0.004232745536743702,-0.03508320445462232,0.1061636760830879,494400,2.0795288523700504,,
996,103,0.002363784788030898,-0.0428096679694742,0.1047616073091825,499200,2.098951851990488,,
1001,104,0.002149486833756479,-0.04638473784677141,0.09538769203424456,504000,2.1183221083217196,,
1005,105,0.0008740954770473763,-0.05265345010799744,0.10336540645360955,508800,2.137637116180526,,
1017,106,0.0026115165986993817,-0.050861952434449145,0.0976924315690995,513600,2.1571648267242645,,
1027,107,0.003924859534405792,-0.03918441603739969,0.10008886663118995,518400,2.1765666537152395,,
1034,108,0.0012042932604041804,-0.04867794214369496,0.10426131256421418,523200,2.1959288411007987,,
1041,109,0.0021521741601948936,-0.047376498959298866,0.09664501613378527,528000,2.2154044053289623,,
1052,110,0.002192393841202526,-0.04359579644999106,0.099486802260081,532800,2.234844144185384,,
1060,111,0.000922302760166834,-0.05456206516052286,0.10097854036092757,537600,2.254503831068675,,
1070,112,0.0019188549489626895,-0.04882332015853687,0.10458890968561171,542400,2.2738695675796934,,
1095,113,0.0029156772875770305,-0.04828194349677991,0.10269008890787759,547200,2.2931911953290305,,
1112,114,0.002430432174029799,-0.045381724006923224,0.09678292594353359,552000,2.312399205432998,,
1125,115,0.0015624587423493117,-0.04264967464108243,0.09986031474669771,556800,2.3316675583521524,,
1135,116,0.006002575091709635,-0.037338591656134665,0.11273809254169462,561600,2.3511744752195147,,
1145,117,0.0014032177616021121,-0.04490568547759419,0.11077385767300924,566400,2.370063155889511,,
1154,118,0.004636419662104648,-0.03299962577045032,0.11888504564762123,571200,2.389231845471594,,
1161,119,0.00027465272692097644,-0.05720750410449303,0.11921415221691137,576000,2.408685639037026,,
1172,120,0.0021169120360658173,-0.02831985482092326,0.10854656406243648,580800,2.4278102547592586,,
1184,121,0.0037841031374531062,-0.03585736230985882,0.10790913363297787,585600,2.4471837781535255,,
1195,122,0.0009314772952166095,-0.03579165534562587,0.10762954640388478,590400,2.466679094500012,,
1202,123,0.0020134155371124506,-0.03143832776991786,0.10284195413192115,595200,2.485901329980956,,
1216,124,0.001951226762442578,-0.035984292844902184,0.11118049303690593,600000,2.50508960545063,,
1225,125,0.0017009220497736048,-0.036862874280226755,0.11869547800223033,604800,2.5245484624968633,,
1235,126,0.004136417606575075,-0.03231272977471538,0.11109245210886003,609600,2.543849809964498,,
1245,127,0.0007885535903066435,-0.03805301824953252,0.10488994574546813,614400,2.615405095749431,,
1259,128,0.0023874614688187044,-0.036844629369079486,0.10763045656681057,619200,2.6351910236146714,,
1264,129,5.3948922300151025e-05,-0.04915347404069811,0.10287440989414856,624000,2.654743212527699,,
1276,130,0.006201174599179164,-0.030259757963600958,0.10153788232803346,628800,2.674762385222647,,
1291,131,0.0031418630006858923,-0.038237054061391974,0.11059976631402972,633600,2.694327715833982,,
1306,132,0.002522546657443551,-0.03144517830514815,0.11781236787637082,638400,2.713947132693397,,
1314,133,0.0004903071881926735,-0.04472889923314748,0.11727185948689778,643200,2.7335177541441387,,
1327,134,0.006472731948936901,-0.032875792879652484,0.10762649202346804,648000,2.7526370583640203,,
1337,135,0.0026689316018746467,-0.04665711143875342,0.12049704114596044,652800,2.7721478295326234,,
1351,136,0.002806105877728745,-0.050930259335655134,0.11685892105102538,657600,2.791500884162055,,
1358,137,0.0015939940565052287,-0.04805460839852458,0.12097753532727552,662400,2.810906113187472,,
1372,138,0.004423727709702992,-0.050502209751478705,0.12760823710759478,667200,2.8302172633012135,,
1379,139,0.0026060503356954237,-0.048540112981694014,0.1124094055891036,672000,2.849625436531173,,
1388,140,0.0012337420172116253,-0.05081859788897418,0.12423587457338973,676800,2.8688229093286726,,
1406,141,0.004276842804635332,-0.04748800780904882,0.11626671520868935,681600,2.888436788188087,,
1417,142,0.0029492877821515624,-0.04980202028064014,0.12316987486680349,686400,2.9076137258609136,,
1426,143,0.0017709340826210487,-0.041801759214574,0.1180645307302475,691200,2.926520245075226,,
1433,144,0.002471145673189312,-0.04873570735726389,0.12655495619773863,696000,2.9457813842429057,,
1444,145,0.001988666824036045,-0.046061912184813994,0.12037335936228434,700800,2.9651261801189848,,
1454,146,0.00324859209843756,-0.0490843923362263,0.12374948724110928,705600,2.9842968428797194,,
1464,147,0.0026898145236676405,-0.04840655438644414,0.12009984529018403,710400,3.0035958707994883,,
1476,148,0.0015801441091753076,-0.04955335868774758,0.12310763478279113,715200,3.0229040159781775,,
1485,149,0.0016329859648976709,-0.04846200327538099,0.11866284334659571,720000,3.041898476878802,,
1493,150,0.0014522635249401598,-0.053819302576448534,0.11016858967145278,724800,3.0611314054992462,,
1510,151,0.0035012279889391116,-0.04527023295716693,0.11521873362859089,729600,3.080713692307472,,
1523,152,0.0032153980602743102,-0.04346423652471761,0.11850647377967835,734400,3.178013201157252,,
1528,153,0.0017545041385650013,-0.05330147080834043,0.1176379553874334,739200,3.197310400274065,,
1537,154,0.0022971086476900383,-0.041889254520113654,0.10777596171696983,744000,3.216357766787211,,
1547,155,0.0012051536369350893,-0.049913456138892795,0.12121053715546926,748800,3.2354592629273733,,
1552,156,0.0011501746676610006,-0.054569324583523364,0.11531941370169314,753600,3.254795788327853,,
1565,157,0.002671707757447924,-0.04753658105182694,0.11567526892820991,758400,3.2742574959993362,,
1576,158,0.0013239849912982512,-0.05498322235192366,0.12085280426343285,763200,3.2936613514026005,,
1590,159,0.002814526021514515,-0.04972150386107994,0.1250479876597722,768000,3.3128209659788346,,
1599,160,0.0017879912651551423,-0.0513517725232911,0.12196308155854545,772800,3.3319259815745883,,
1613,161,0.0039365360516967485,-0.05129215612469125,0.1198934006690979,777600,3.350930777721935,,
1625,162,0.002475137051321023,-0.05205222192162182,0.1181527643601099,782400,3.3701839597357646,,
1632,163,0.003264883219768914,-0.04511128783754733,0.11641664222876237,787200,3.389219572875235,,
1644,164,0.002383030514223113,-0.048611608393154405,0.11903303591410323,792000,3.4090415555238724,,
1656,165,0.005367850797968762,-0.04639368312673468,0.11848061994711562,796800,3.4284313727087445,,
1669,166,0.0038887104943569283,-0.051453950359185305,0.11852854216098783,801600,3.447826753788524,,
1675,167,0.0008129385714710224,-0.04847778921139252,0.11846909968058264,806400,3.467123706142108,,
1683,168,0.002900832911473117,-0.04003169335555867,0.1251277327140173,811200,3.4864766120910646,,
1693,169,0.003935551158792805,-0.040893012392583236,0.12236625496546423,816000,3.505706486172146,,
1700,170,0.003991925431788937,-0.046001941213035025,0.12238555792967488,820800,3.5251569030682246,,
1712,171,0.004901519562069249,-0.03685209751007885,0.12471639835834504,825600,3.5442922982242373,,
1723,172,0.0023142232462608566,-0.051529851625067145,0.12378236154715218,830400,3.5637882881032095,,
1732,173,0.004541649929039219,-0.04447893825175318,0.12476669243971501,835200,3.582885018785795,,
1748,174,0.004636895064565275,-0.04347907006103924,0.12480288763840997,840000,3.602114181584782,,
1761,175,0.0023887622182276877,-0.04007669744096347,0.12614754847685494,844800,3.621667664978239,,
1769,176,0.0019205623980572757,-0.04876734479633645,0.12222025815645848,849600,3.641075487136841,,
1778,177,0.0013867036718390106,-0.0425698365588687,0.12530342165629063,854400,3.7075317141744826,,
1786,178,0.002421091504705449,-0.04843054796474462,0.12199535318215687,859200,3.7268539898925357,,
1798,179,0.0019699190146639013,-0.050543747130359404,0.12354630927244822,864000,3.746214070253902,,
1808,180,0.001951891300511003,-0.0441290921644395,0.1211083924770355,868800,3.765427612596088,,
1818,181,0.004276838241154716,-0.04305888239929724,0.12503844050566357,873600,3.784725583526823,,
1830,182,0.005983395190802791,-0.043256012374088944,0.1261910242636998,878400,3.804325544834137,,
1842,183,0.0028547805102183093,-0.044753656648170666,0.12469607961177821,883200,3.823834630449613,,
1861,184,0.0029123874177457766,-0.049201242547648384,0.12813788914680485,888000,3.8430866358677545,,
1867,185,0.003798953527924217,-0.045666917233878244,0.12240673009554547,892800,3.862555202841759,,
1874,186,0.003010740750930078,-0.04739504923054483,0.11725026035308841,897600,3.8821745559242036,,
1888,187,0.0036143667817668756,-0.04202997526784505,0.11048486963907872,902400,3.9020594464408025,,
1904,188,0.004721630092171835,-0.0402265144213743,0.109709209005038,907200,3.9217570394277574,,
1912,189,0.0023833135310269427,-0.042204345497157195,0.11428311971823371,912000,3.9416692079438103,,
1926,190,0.0046432973181557225,-0.040750300528937564,0.11806839263439173,916800,3.9611378027333153,,
1933,191,0.0029433675337107463,-0.0482445588366924,0.12281789692242934,921600,3.9806354129314423,,
1939,192,0.0028320786254577494,-0.04759956975588769,0.1175787636439005,926400,4.000002078480191,,
1947,193,0.003131041292848143,-0.047516449829057214,0.11700075213114412,931200,4.019779919650819,,
1956,194,0.0017093823829782196,-0.05585049291939868,0.11821176747481037,936000,4.039280996719996,,
1961,195,0.0027276224284529843,-0.052517530279389275,0.1177166345516841,940800,4.05882164782948,,
1974,196,0.003505806303534579,-0.046477945214428475,0.10884909351666766,945600,4.078190663059552,,
1989,197,0.0028953780398296657,-0.05355394360764573,0.11454433655738824,950400,4.097643735607465,,
2002,198,0.0019311267458154665,-0.0531122898034179,0.11103580697377528,955200,4.11707328107622,,
2013,199,0.002192568330550178,-0.05806600046663941,0.10168378043174738,960000,4.136731848782963,,
2028,200,0.004381825990761475,-0.051959368276099364,0.10539828628301627,964800,4.1564595846335095,,
2039,201,0.0029374017673641597,-0.05102401219543632,0.10664720356464387,969600,4.176054442922275,,
2047,202,0.002539196410119378,-0.051774000614144215,0.10880138274033867,974400,4.284796709153388,,
2057,203,0.003488157438065779,-0.047277387498979806,0.10221379657586419,979200,4.3043044551213585,,
2068,204,0.0034653808190341804,-0.05526347897163456,0.11420235709349316,984000,4.323708940678173,,
2076,205,0.002125499640290703,-0.05422934686390969,0.10768902556101474,988800,4.343310126132435,,
2093,206,0.001978764201582332,-0.05311237679125043,0.10802905722459154,993600,4.362656281789143,,
2107,207,0.002840129116520984,-0.052998290536667506,0.10559442762533822,998400,4.38243501206239,,
2117,208,0.0019925926345119175,-0.04929927712182689,0.1078303234974543,1003200,4.401973805030187,,
2125,209,0.0009368406223074999,-0.057458686053966326,0.10742484084765123,1008000,4.421481135288874,,
2134,210,0.0014402683777007042,-0.05441891442836398,0.10450397308667506,1012800,4.44129708038436,,
2147,211,0.0021239489748647125,-0.054764900453058846,0.10881618700424821,1017600,4.46079398671786,,
2164,212,0.004521079574139246,-0.050948906217793896,0.10890997437636059,1022400,4.480351961519983,,
2170,213,0.0022619166782533286,-0.0500651202162165,0.10184335668881732,1027200,4.500108841260274,,
2188,214,0.004376523254904896,-0.04962187183070152,0.10758926761150364,1032000,4.52001514699724,,
2197,215,0.002414523868598432,-0.0523136923632895,0.11203981888294225,1036800,4.539397292203374,,
2201,216,0.001947317927139617,-0.05432138179482233,0.10847396687666573,1041600,4.559005930291282,,
2214,217,0.003058162748129689,-0.04121636974014109,0.10573883581161493,1046400,4.578590819305844,,
2225,218,0.005113710487785283,-0.044624158457008886,0.10967748129367831,1051200,4.598413499130143,,
2238,219,0.004267003642720132,-0.04663566874805838,0.11278337017695114,1056000,4.617961361077096,,
2248,220,0.0012243739203161871,-0.04949012404831592,0.11680026264985413,1060800,4.637548859980371,,
2259,221,0.0017408236765428834,-0.049262477582669814,0.11721710546811416,1065600,4.657644067936474,,
2269,222,0.0017407200147620946,-0.05228788793917071,0.11183564448356637,1070400,4.677025152775976,,
2280,223,0.0015409481591632356,-0.0533991723359577,0.11662372446060185,1075200,4.696502759721544,,
2292,224,0.003776651371178256,-0.04355740928550252,0.11061981193224592,1080000,4.716189028951857,,
2308,225,0.005819890216904848,-0.035462877492045665,0.12038743658860528,1084800,4.735923401779599,,
2319,226,0.0018917376907969204,-0.047181865958555134,0.1182470174233118,1089600,4.755387773381339,,
2332,227,0.0024638253339314057,-0.049814731826336354,0.11447279596328735,1094400,4.847308817307154,,
2343,228,0.001082463251198836,-0.050654398494710526,0.11701846536000571,1099200,4.866848265197542,,
2356,229,0.0011935849392709012,-0.051533989180522134,0.11328601853052776,1104000,4.88671674893962,,
2361,230,0.0010114990443980787,-0.05153945133060915,0.12313138870398198,1108800,4.906281210647689,,
2367,231,0.0010433331131935119,-0.05433666509391818,0.10975064814090733,1113600,4.926262090404828,,
2375,232,0.0013233062826960426,-0.05440575895117945,0.10427949059009543,1118400,4.946459308399095,,
2381,233,0.0012349811000603949,-0.053338740934820335,0.10498943618933358,1123200,4.966161301665836,,
2392,234,0.00180872411801829,-0.055414952564266665,0.11523083829879756,1128000,4.98593695640564,,
2403,235,0.0013170108425886913,-0.058367793836199174,0.11165566474199297,1132800,5.005932771099938,,
2416,236,0.0026324309656047262,-0.05637292135943426,0.1107504114309946,1137600,5.025759613778856,,
2426,237,0.0040694387546561,-0.044670389279781376,0.1143412507375081,1142400,5.045633681813876,,
2433,238,0.0032245133825805775,-0.03184341621144995,0.11832570238908133,1147200,5.065245202912225,,
2445,239,0.002467455620596108,-0.03707638003312847,0.11584517041842138,1152000,5.085293310549524,,
2458,240,0.0029825278206165725,-0.041779049136465574,0.11679063940048216,1156800,5.1051651478475994,,
2468,241,0.004994406973734536,-0.03936862501432188,0.1209219741821289,1161600,5.124653437071377,,
2480,242,0.003649621682416182,-0.048788244114499925,0.12532657424608867,1166400,5.144270581404368,,
2490,243,0.002303858114949738,-0.04933881600663881,0.12246882228056591,1171200,5.164046694371436,,
2504,244,0.0029600150674620332,-0.050473691689088204,0.11474465791384382,1176000,5.183952782286538,,
2513,245,0.0017451740459364373,-0.04946767294944342,0.11450475398699436,1180800,5.203433283434974,,
2523,246,0.0020214426462189295,-0.04802760135906586,0.11905545771121975,1185600,5.222918167246712,,
2538,247,0.005760103235661518,-0.05127670531073818,0.11932580554485325,1190400,5.242285804549853,,
2547,248,0.0018052427214570344,-0.05540973849407844,0.12553475824991855,1195200,5.2617147243022915,,
2556,249,0.0014594112176079459,-0.05440711326191376,0.12022707903385156,1200000,5.281223522358471,,
2570,250,0.0035682569375543,-0.046190437469097866,0.11917163860797886,1204800,5.300667534536785,,
2579,251,0.0017546470389788738,-0.052907717488172544,0.12088777470588682,1209600,5.3202886746989355,,
2591,252,0.0028961448902312743,-0.03519750128519566,0.11821593451499933,1214400,5.421364967094528,,
2601,253,0.0019097535558103118,-0.05025900951198613,0.12116579985618588,1219200,5.441042332318094,,
2618,254,0.003237225295379176,-0.04046563803009728,0.10823430951436358,1224000,5.460785236491097,,
2628,255,0.001249957287533713,-0.046723051023263906,0.10661685971419019,1228800,5.480508351325989,,
2633,256,0.001477123107785398,-0.05026689661608543,0.11247880971431738,1233600,5.500178214907646,,
2643,257,0.0010218268733297009,-0.05860057729975476,0.11677731661001843,1238400,5.5196558272176315,,
2653,258,0.0036533130595974702,-0.04292654499040509,0.1059138586521149,1243200,5.539217381146219,,
2661,259,0.0036402643909241306,-0.04738211371004582,0.10898056189219164,1248000,5.559152937399016,,
2671,260,0.0045395904444982685,-0.0420393171965164,0.1127435435056687,1252800,5.578998944825596,,
2683,261,0.002903488538140664,-0.04508525707775941,0.11336089730262759,1257600,5.598913765086068,,
2697,262,0.005672586644262386,-0.04067007693878016,0.11542271010080978,1262400,5.618524361451467,,
2708,263,0.004980968379337962,-0.04763987441213734,0.11495114886760713,1267200,5.638312751452128,,
2723,264,0.0059611844374254964,-0.05094774314887521,0.11090784498055771,1272000,5.658052329950863,,
2737,265,0.0036191296652153446,-0.053173397193556106,0.11203041823705047,1276800,5.677697916362021,,
2744,266,0.0021781004879206497,-0.04611001596446537,0.1078703101873398,1281600,5.697362110349867,,
2756,267,0.002517434403853258,-0.04790816247617234,0.11469208025932315,1286400,5.717266587085194,,
2765,268,0.0017298526077259642,-0.048884095952356196,0.11422962554295861,1291200,5.736916966107157,,
2773,269,0.002722939041996142,-0.04760192212167264,0.11328854366143547,1296000,5.756844404869609,,
2780,270,0.0029139762563621238,-0.050868705810232014,0.10658887974421181,1300800,5.776670701834891,,
2795,271,0.0035665679924325863,-0.052383742846420014,0.10780676786104836,1305600,5.796504551238484,,
2811,272,0.005147126359346051,-0.03646059737293399,0.10898842179775235,1310400,5.816884596612718,,
2821,273,0.0029021101916441696,-0.042980485155029176,0.10405694262186681,1315200,5.8365743990739185,,
2833,274,0.0017800353203104653,-0.05689233104688659,0.11323811916510265,1320000,5.85661538236671,,
2845,275,0.002127999873361356,-0.05310536557132461,0.11413356681664781,1324800,5.876433398591147,,
2853,276,0.002653456501623926,-0.04978873214846923,0.11375033712387082,1329600,5.896014645497004,,
2857,277,0.001732703627203591,-0.04571119366940669,0.12108719686667117,1334400,6.009883536630206,,
2867,278,0.001932713033844872,-0.05309780935810219,0.1238560378948847,1339200,6.029704322417577,,
2883,279,0.0038792928811744788,-0.04319259630635012,0.12883248595396682,1344000,6.049633924365043,,
2897,280,0.004999238071832224,-0.04269336588768056,0.12344662956396743,1348800,6.069628143111864,,
2903,281,0.0015092000119087364,-0.04484117090226694,0.13123671774069473,1353600,6.089202373027802,,
2918,282,0.002579118210996967,-0.050818954749653734,0.13034473252296438,1358400,6.108692254953914,,
2932,283,0.0023062956063464907,-0.045682449561339426,0.13280541332562765,1363200,6.128734927442339,,
2943,284,0.0026688045630483734,-0.05050010655416675,0.12581750977039327,1368000,6.148484398590194,,
2958,285,0.001514481288419726,-0.04876732917786437,0.12798968104521433,1372800,6.168436522020234,,
2962,286,0.0012607358199602458,-0.055111226413525095,0.1328673151334127,1377600,6.188285590608914,,
2972,287,0.0017846065886260476,-0.053951244342958185,0.1300159642299016,1382400,6.2086081606811945,,
2986,288,0.00266504304127011,-0.052910862726275806,0.1282276762723923,1387200,6.228424977726407,,
3001,289,0.004838702497363556,-0.04597562855421226,0.1194373084704082,1392000,6.248524442381329,,
3012,290,0.0014593597182586866,-0.054980683023313756,0.13407308566570275,1396800,6.26857250975238,,
3026,291,0.003369616089548799,-0.04609087243879913,0.12674569936593363,1401600,6.288102743691868,,
3034,292,0.002612337178288726,-0.0465220187077648,0.13481688030560815,1406400,6.3080696195364,,
3042,293,0.0018136051444647213,-0.050904381155639084,0.12831528170903517,1411200,6.32797465370761,,
3050,294,0.0016387908229565558,-0.05761974154423418,0.1305920920372009,1416000,6.347817038165198,,
3062,295,0.0024843565678262774,-0.05312669497337386,0.13353814725081128,1420800,6.367615861362881,,
3081,296,0.0018160795862058876,-0.05326931966361978,0.12437530497709905,1425600,6.387484122249815,,
3093,297,0.001438622647280378,-0.052961205053240215,0.12441252414385481,1430400,6.4073859881692465,,
3104,298,0.0030070202767092267,-0.04932048547022229,0.12433491377035776,1435200,6.427344414922926,,
3117,299,0.005483107592105322,-0.04699711113541601,0.12655116486549378,1440000,6.446982058286667,,
3128,300,0.0022773918203408054,-0.04414939933300654,0.11713591257731118,1444800,6.4668805699878265,,
3136,301,0.0025647325716514993,-0.05311949402869989,0.13148033003012338,1449600,6.486615719530318,,
3149,302,0.003603361109465671,-0.05044655383038237,0.11987184166908262,1454400,6.605071772403187,,
3160,303,0.0037402180088975,-0.05077419968880956,0.1270058887799581,1459200,6.624862864282396,,
3170,304,0.002556420915061608,-0.05476549825404315,0.13132705561319993,1464000,6.644752284288407,,
3184,305,0.00775122559571173,-0.04569636744878759,0.13123328022162123,1468800,6.6646721371677184,,
3193,306,0.0026067674329776007,-0.05176590918187382,0.12898990027109783,1473600,6.684811531437768,,
3199,307,0.0029274674142167594,-0.055085928830036816,0.12799816997845972,1478400,6.704603879385524,,
3205,308,0.00298740236175945,-0.05738918919305434,0.1312764399449031,1483200,6.724618084894287,,
3216,309,0.004273283099367594,-0.05652048037663917,0.12949009025096891,1488000,6.744557795590825,,
3230,310,0.005486035372693247,-0.05126395806294871,0.13143340893586478,1492800,6.764731008013089,,
3246,311,0.0038751351033473234,-0.05199694457357206,0.1231575493812561,1497600,6.784535274571843,,
3254,312,0.001612381121958606,-0.05970088857854231,0.11757187398274739,1502400,6.804562907152706,,
3262,313,0.001697296812441588,-0.05701714790566257,0.126537980834643,1507200,6.824529779354731,,
3270,314,0.0015187824870129892,-0.06114635190363818,0.13076585753758752,1512000,6.84421790473991,,
3284,315,0.0029782580141424356,-0.054685893436362674,0.1336492039759954,1516800,6.863978408839968,,
3297,316,0.0033634361425356474,-0.05161238837560329,0.137514748930931,1521600,6.883742444382774,,
3305,317,0.002240312429057667,-0.05956782654150932,0.13647722438971208,1526400,6.903604367176691,,
3321,318,0.0068180983369529715,-0.04908717959964027,0.13559392170111328,1531200,6.923299173580276,,
3332,319,0.004179273043337162,-0.04796201102726627,0.13171367772420245,1536000,6.943163958523009,,
3342,320,0.0027506507027283077,-0.05416435316268083,0.13963015826543163,1540800,6.963033901784155,,
3358,321,0.0031353615019421945,-0.05313079594622347,0.13840860521793366,1545600,6.983024149603314,,
3367,322,0.0032128464881679974,-0.04583551262427742,0.1331096586386363,1550400,7.00286114414533,,
3374,323,0.001971329573401211,-0.053150980595789106,0.13326523784796393,1555200,7.022941369016965,,
3381,324,0.0020587788521273373,-0.051168783529707676,0.1352786246935527,1560000,7.042660168939166,,
3394,325,0.0019955022906894253,-0.053685456428532535,0.12946283471584322,1564800,7.062483119103644,,
3399,326,0.00113857649921556,-0.05450263153773752,0.13273483777046205,1569600,7.082477094729741,,
3409,327,0.003088755087325505,-0.05486614846435411,0.1367052289644877,1574400,7.1787809003061716,,
3420,328,0.0012718230740574655,-0.06226404263798031,0.133464158376058,1579200,7.198499089413219,,
3434,329,0.003930260070289174,-0.053141256998302806,0.13865037004152925,1584000,7.218509041335848,,
3448,330,0.004621227121485087,-0.048736824873806955,0.12935867214202873,1588800,7.238799105286598,,
3468,331,0.004008868330856785,-0.04789611499315167,0.13144490917523702,1593600,7.258857389423582,,
3484,332,0.0025570176449643137,-0.05276902056405864,0.12605479808648432,1598400,7.278910026815202,,
3491,333,0.0026192756738358486,-0.05103765523454058,0.12869749939441674,1603200,7.299214039776061,,
3504,334,0.002966706498894685,-0.05521548549727413,0.12589115726947783,1608000,7.319337075286441,,
3514,335,0.0043240588114713315,-0.04388897277203796,0.12572327411174772,1612800,7.339355813993348,,
3527,336,0.004132153875252698,-0.050018404507409284,0.12064031910896295,1617600,7.359483318924904,,
3540,337,0.003398110799995872,-0.051337071563163285,0.11904761342207595,1622400,7.379563840693898,,
3548,338,0.0024476496893233463,-0.05484755300882777,0.12310676081975307,1627200,7.399939788315031,,
3560,339,0.00221689891332062,-0.05197789969894681,0.13053544672330222,1632000,7.4200181325276695,,
3575,340,0.0022440084746146263,-0.05827560101909815,0.1325050446987153,1636800,7.440247533718745,,
3588,341,0.003142424623971844,-0.05336532184107152,0.13205018687248227,1641600,7.460403441588084,,
3596,342,0.001352229719486786,-0.05565745010935643,0.1294524193604788,1646400,7.480429564913114,,
3608,343,0.002864301216322929,-0.05196120583374674,0.1320211848020554,1651200,7.500326050188806,,
3618,344,0.004217444935299379,-0.04535725873517246,0.1301906771659851,1656000,7.520108876758152,,
3629,345,0.0019399516143797275,-0.05626363005503663,0.1298933164278666,1660800,7.54007642560535,,
3638,346,0.001782319034585574,-0.054039909260366885,0.12388095851739242,1665600,7.559956226481332,,
3653,347,0.002951724560625735,-0.05606320096831041,0.13967773751417795,1670400,7.579797486464183,,
3664,348,0.0031716352255898527,-0.053385326338684536,0.14200703211625423,1675200,7.599923558036486,,
3675,349,0.0013716666674251125,-0.05551907540502725,0.14371258898576098,1680000,7.61975819726785,,
3687,350,0.003883155767349914,-0.048379346801084466,0.13968177123864503,1684800,7.639581715001,,
3704,351,0.0034750305290799587,-0.047673324031105344,0.13544774802525839,1689600,7.6597817064656155,,
3713,352,0.001630480039845376,-0.058764942365814934,0.13136262472470597,1694400,7.758787797225846,,
3721,353,0.0030738617671886457,-0.0530682580079277,0.13319006637732195,1699200,7.778801423377461,,
3732,354,0.0037356313948597136,-0.05174795473103586,0.11940250714619954,1704000,7.798632011546029,,
3744,355,0.004183800583026216,-0.054794235970560594,0.12751552951335907,1708800,7.818868910537826,,
3758,356,0.002071116834122222,-0.05247144040731655,0.12495968890190126,1713600,7.839198137521744,,
3770,357,0.0019108198077447014,-0.05563741814269937,0.1241400518814723,1718400,7.8592557248804304,,
3781,358,0.0027880501937033843,-0.05213377118473091,0.11725718828042346,1723200,7.87937631852097,,
3789,359,0.0017700145962104821,-0.055699670683558605,0.11756796916325887,1728000,7.899299362566736,,
3801,360,0.00155128773500716,-0.057120197967500036,0.12528859817981722,1732800,7.919265775548087,,
3809,361,0.0025985703243350143,-0.05551479402007923,0.1286170640389125,1737600,7.939561241467794,,
3817,362,0.0021182633582308577,-0.05201123058056207,0.12308191267649336,1742400,7.9593946911891305,,
3825,363,0.0018392429662829576,-0.060740198421020374,0.12181601587931312,1747200,7.979412606093619,,
3836,364,0.0028290511031324665,-0.05625992398751502,0.1224186698993047,1752000,7.999612414903111,,
3850,365,0.00344648028355247,-0.05559621584713265,0.12496828810373938,1756800,8.020084049238099,,
3865,366,0.0029426835249372137,-0.05397402683823505,0.12607281553745273,1761600,8.04013132347001,,
3878,367,0.0034377796791280465,-0.052109683597276066,0.11735694992542271,1766400,8.060566202931934,,
3890,368,0.0037360926621962183,-0.05863255946763578,0.11857134052117672,1771200,8.080591202510728,,
3906,369,0.0036847801864496434,-0.05794181767584329,0.1159987765153249,1776000,8.100776996877459,,
3913,370,0.0024925114169794447,-0.06052674612061916,0.11415415652592971,1780800,8.120634061363008,,
3921,371,0.0034790719958740133,-0.05736697692918824,0.1216260461807251,1785600,8.140380784670512,,
3929,372,0.004044536677489911,-0.05349404777825839,0.12322238437334694,1790400,8.160358655783865,,
3937,373,0.0023728574116830712,-0.058343281479513585,0.12178234144051872,1795200,8.180393240584268,,
3947,374,0.0028654379483972056,-0.054094386916373575,0.12537057054042822,1800000,8.200689829654165,,
3960,375,0.004464116485420769,-0.05235678844765061,0.12045635378360746,1804800,8.220789546436734,,
3970,376,0.0029665569612310114,-0.051742348958093015,0.12286705919106809,1809600,8.241224183970028,,
3986,377,0.0058515597202737505,-0.0516380585178922,0.12397205527623492,1814400,8.34013731221358,,
3994,378,0.002920409133609307,-0.05413377454290943,0.12862317228317258,1819200,8.36037847234143,,
4007,379,0.004382732327212579,-0.052065775879600554,0.11600212558110563,1824000,8.380712276299795,,
4021,380,0.005793974771465097,-0.04847233617353292,0.12032885714371998,1828800,8.401286506983968,,
4031,381,0.002710531644455235,-0.05441882197240678,0.12102363983790074,1833600,8.421848012341393,,
4039,382,0.0037462866709878045,-0.05262516145327633,0.1206769164403279,1838400,8.442093330886628,,
4052,383,0.0038522138839956217,-0.053256229474694314,0.12413799373308812,1843200,8.46209239270952,,
4066,384,0.0029936974075098987,-0.0546850532413373,0.11594836914539337,1848000,8.482225085231994,,
4079,385,0.004384500184338928,-0.05278480094032905,0.11988775499661766,1852800,8.502119882305463,,
4094,386,0.005413725140048579,-0.05089814487328113,0.12180742685000102,1857600,8.522589025298755,,
4107,387,0.0047014782913417244,-0.05597306189592928,0.1121918207009633,1862400,8.54262720545133,,
4117,388,0.0026224241828458617,-0.05326136901615731,0.12301717313130699,1867200,8.563024866978328,,
4136,389,0.0034292065880435984,-0.04990557863873922,0.11297583985328682,1872000,8.583345169358783,,
4144,390,0.0031878825910098387,-0.05099628369013468,0.11582449718316395,1876800,8.603582059873474,,
4156,391,0.0028580551217601167,-0.051174838579269515,0.12287640555699673,1881600,8.623707508246104,,
4163,392,0.0016277579403928637,-0.05704647186139482,0.12181277052561443,1886400,8.644113348258866,,
4172,393,0.003098576326010516,-0.05516794320258971,0.12960743852456413,1891200,8.664472446905242,,
4184,394,0.0016265017472809026,-0.05826528587822395,0.13192020901044213,1896000,8.68475776705477,,
4199,395,0.00562453155143885,-0.052195609914300195,0.13504890827337904,1900800,8.70503528005547,,
4213,396,0.006443937356622579,-0.05079029923161518,0.12527722326914473,1905600,8.72529783030351,,
4225,397,0.006519484486004027,-0.05064777294974192,0.12405677620569862,1910400,8.745718187822236,,
4233,398,0.0032049897771988375,-0.056830442920787996,0.12311316462357841,1915200,8.766440292331907,,
4244,399,0.0029838337024557402,-0.048779516636568584,0.12231265151500695,1920000,8.786371916400062,,
4259,400,0.0042077701221084375,-0.051272494101673755,0.11552905619144441,1924800,8.807115894158681,,
4266,401,0.003518399621195082,-0.05282540743428399,0.12707415779431666,1929600,8.82738750954469,,
4277,402,0.003487979926285334,-0.05045760998782498,0.12387010602156323,1934400,8.947913249532382,,
4289,403,0.004131081294811641,-0.055974899747585974,0.13489858412742606,1939200,8.968034719294971,,
4303,404,0.003615894349786686,-0.05293098955547369,0.12736287136872607,1944000,8.988193353414536,,
4315,405,0.00497961259073539,-0.05191142084804597,0.12056992860635121,1948800,9.008711014389991,,
4328,406,0.0026387309864124592,-0.05341508642814006,0.12423435095945994,1953600,9.029237878653738,,
4337,407,0.00230824701890621,-0.05583326581909205,0.13369221484661103,1958400,9.049294570618205,,
4354,408,0.006692930191153816,-0.05187506379200689,0.1247033823728561,1963200,9.06960453874535,,
4361,409,0.0035334488408504208,-0.05238441504019041,0.1322241554657618,1968000,9.090175654292107,,
4370,410,0.002878459100368976,-0.05498144472445953,0.1376635369459788,1972800,9.110288433035215,,
4380,411,0.002893508956670606,-0.05283070776980215,0.13732582843303673,1977600,9.130529873039988,,
4392,412,0.0037897991792609294,-0.05225207902888845,0.1341324580510457,1982400,9.150741171174579,,
4406,413,0.006155588813756671,-0.0540072697239187,0.1415644360383351,1987200,9.171139911413192,,
4421,414,0.0038193874822657864,-0.05934404522622572,0.1349019086360932,1992000,9.191461960077286,,
4433,415,0.0030910686849286626,-0.06077078929253427,0.1340957425038021,1996800,9.21152811560366,,
4443,416,0.003486173587589292,-0.05890946233712384,0.13189518741766615,2001600,9.232075843479898,,
4455,417,0.0016950681558228098,-0.058185693810992235,0.12705935589472453,2006400,9.252608715362019,,
4466,418,0.0036059157949542473,-0.050808858929182556,0.13212980012098946,2011200,9.272842741277483,,
4472,419,0.0030371609966096,-0.057016054938261125,0.13173762257893873,2016000,9.293114705151982,,
4478,420,0.0033744136878037048,-0.05316940823201245,0.13563022096951802,2020800,9.313463841809167,,
4490,421,0.004022860438756955,-0.054279936343906834,0.12993933085600537,2025600,9.334147263699109,,
4498,422,0.003187056078847187,-0.05504756359441672,0.12970903011163076,2030400,9.35438532392184,,
4514,423,0.0033909059444946856,-0.054840919189882695,0.12588430813948312,2035200,9.374791083203421,,
4528,424,0.004136764190722412,-0.05122681725891501,0.1295694291591645,2040000,9.394917119542757,,
4544,425,0.004075622449454386,-0.06107988698737851,0.12919576907157904,2044800,9.415410250425339,,
4550,426,0.0024871353423804978,-0.05764424339722609,0.1250774205923081,2049600,9.435798901783096,,
4562,427,0.005053188746145073,-0.051398806594109676,0.1311850905021031,2054400,9.553621534307798,,
4575,428,0.0034692620293450696,-0.05679389300529844,0.12428370996316286,2059200,9.57403225514624,,
4586,429,0.0046593225587760875,-0.051400705596053815,0.12879192431767783,2064000,9.594715791808234,,
4599,430,0.004835473177566504,-0.05667012847171312,0.12235435986518861,2068800,9.6152366615004,,
4610,431,0.002296498893459405,-0.05786204369505867,0.12040754262606307,2073600,9.635729096664322,,
4619,432,0.003846739438449731,-0.05280623148413497,0.12696274459362025,2078400,9.65606833881802,,
4638,433,0.004551550186927974,-0.055476924272322016,0.122772512793541,2083200,9.676280481086836,,
4650,434,0.004091737841129846,-0.05415727565899336,0.1302328328291575,2088000,9.696845584511756,,
4662,435,0.004023334004644615,-0.04972948390301705,0.13163774466514586,2092800,9.717223859363132,,
4677,436,0.004252568364123969,-0.04978679764329475,0.12058413557211552,2097600,9.737820718884468,,
4688,437,0.0038851421879371626,-0.04777824528664496,0.12037868507703145,2102400,9.758043601645364,,
4695,438,0.00396819244948953,-0.052270484735709034,0.11304055225849144,2107200,9.778670196930568,,
4703,439,0.004422279936018943,-0.05447076904213948,0.12264878737926485,2112000,9.799095155729187,,
4713,440,0.0025907287066123295,-0.05426492970388305,0.12284297696749366,2116800,9.819447425206503,,
4729,441,0.00445515101479638,-0.05228395617838639,0.12633005070686346,2121600,9.840124524765544,,
4744,442,0.006114807244254432,-0.054890431252048684,0.12300712998708095,2126400,9.860519776874119,,
4754,443,0.0037694992567897617,-0.06144000471443481,0.1299869844913483,2131200,9.881111698547999,,
4771,444,0.004885902437187421,-0.05845984482960678,0.12481890920797988,2136000,9.901473288734755,,
4785,445,0.0059126321425234584,-0.05413602942887034,0.12642688596248625,2140800,9.921867539948888,,
4801,446,0.002874044553997616,-0.06114345641581167,0.12501298451423637,2145600,9.942323120170169,,
4813,447,0.0031124807603191583,-0.05660251250466596,0.126902359008789,2150400,9.962932268248665,,
4821,448,0.003873225502563097,-0.05791705997641353,0.1275097760359446,2155200,9.983189123140441,,
4825,449,0.0020000894447245324,-0.05853428514207432,0.11977174023787182,2160000,10.003701106641028,,
4840,450,0.009587733381583046,-0.04179640699051864,0.12176316757996876,2164800,10.02430690937572,,
4851,451,0.003395766977822253,-0.05843763694914136,0.1279461004734039,2169600,10.044871286352475,,
4867,452,0.002270406112317384,-0.06061486649875102,0.11898606097698221,2174400,10.161881979571449,,
4877,453,0.004005388298780114,-0.054768641768047625,0.11843663247426359,2179200,10.182583657834265,,
4885,454,0.002032637186979021,-0.05531927662535357,0.12283241359392799,2184000,10.202986656626065,,
4897,455,0.0035394889093974297,-0.05488653029218161,0.12040681521097825,2188800,10.22348464058505,,
4909,456,0.004403039887741518,-0.053042367464452886,0.11450107876459752,2193600,10.243769693109725,,
4913,457,0.0020688632163607204,-0.05226273672354485,0.12243437802791593,2198400,10.264224193096162,,
4932,458,0.003961405111719311,-0.053304460177241705,0.13130866865317029,2203200,10.284736146198378,,
4943,459,0.003042213996135009,-0.05070509608788901,0.12981295466423043,2208000,10.305550559891595,,
4956,460,0.0027931903292483184,-0.05413923678139933,0.13568369015057877,2212800,10.325942097504933,,
4971,461,0.0031230376019569426,-0.05363584677155207,0.12547763299942016,2217600,10.346881134576268,,
4985,462,0.0024881734874118897,-0.054268662156149124,0.12035713895161947,2222400,10.367742046051555,,
4990,463,0.0026045667320431674,-0.052665014967108924,0.12171339722474417,2227200,10.388432490560744,,
5003,464,0.0027593175544704234,-0.05119098729859009,0.11990005675951639,2232000,10.40906724287404,,
5014,465,0.003616033161476177,-0.046601356540971514,0.1264365737835566,2236800,10.429787698321872,,
5024,466,0.003610396280904145,-0.05120241027713443,0.11871290365854893,2241600,10.45068986164199,,
5035,467,0.0031809967103375433,-0.05522552982818828,0.13127726562817896,2246400,10.471454687250985,,
5049,468,0.004388935624592705,-0.04870403517901518,0.11684869893391922,2251200,10.492280982335409,,
5057,469,0.0020275362044534025,-0.05394183060658785,0.11917055145899454,2256000,10.51291085044543,,
5070,470,0.003319074013173425,-0.05484775805562094,0.12496499117215477,2260800,10.533900307946736,,
5075,471,0.0021558598569148065,-0.0615916096065727,0.12329383329550428,2265600,10.554899690945943,,
5085,472,0.002949911794712534,-0.051731323943113236,0.11959007406234748,2270400,10.575729395813411,,
5102,473,0.002092349317050927,-0.05237015891428503,0.12482223296165462,2275200,10.596366425951322,,
5113,474,0.0018176892170837769,-0.0489559422094923,0.13072526399294532,2280000,10.617020620703697,,
5129,475,0.004167243307529133,-0.045368919338913356,0.1302300715446472,2284800,10.637862226234542,,
5141,476,0.002585615661761646,-0.05418892023250616,0.13305916500091547,2289600,10.658473098874092,,
5152,477,0.005016752118778337,-0.04871190371492654,0.13094603526592255,2294400,10.792871340910594,,
5167,478,0.004771366030278538,-0.05195484332289198,0.13535079960028326,2299200,10.81345122926765,,
5176,479,0.001858608380522734,-0.05026941798714688,0.12864843328793843,2304000,10.833886388142904,,
5190,480,0.004180606548470678,-0.047672584262090825,0.13342307770252232,2308800,10.854612214366595,,
5201,481,0.0026463478185178245,-0.052804688794518974,0.13505909657478327,2313600,10.875295476317406,,
5210,482,0.001488248090269432,-0.05461557982634986,0.13660190939903247,2318400,10.896389514009158,,
5225,483,0.005421957189052288,-0.043140739276244254,0.1334587179819743,2323200,10.917642389006085,,
5242,484,0.004285230015860482,-0.05653303071158007,0.1360556288560231,2328000,10.93838215549787,,
5246,485,0.001375729331630282,-0.05648789697103591,0.12944894544283553,2332800,10.959282894796795,,
5261,486,0.0032957589474487273,-0.06072283488101675,0.13120684822400408,2337600,10.98001254108217,,
5272,487,0.0018838006716881258,-0.055454730428815914,0.1297731972138087,2342400,11.001365345848932,,
5283,488,0.003106660472743291,-0.0543120710128278,0.13213142398993175,2347200,11.022572758992514,,
5291,489,0.00327768800004075,-0.0504995768746691,0.12225858457883199,2352000,11.043504900866084,,
5304,490,0.0026832882836364054,-0.05676560550055001,0.12529479730129245,2356800,11.064710411694314,,
5317,491,0.002637449296647295,-0.05108688272436363,0.13173715428511304,2361600,11.085558194451862,,
5326,492,0.002980115385435056,-0.05292868828473729,0.11753232304255169,2366400,11.106913270288043,,
5344,493,0.00912757092883112,-0.05052879374076535,0.12083935809135442,2371200,11.127849222951465,,
5356,494,0.0032771382267431665,-0.05445547073080282,0.1248031971454621,2376000,11.149322393006749,,
5371,495,0.005529616558245228,-0.05323147063924504,0.12274813576539353,2380800,11.170307999054591,,
5380,496,0.005207647615073559,-0.05362659678103228,0.12144444139798478,2385600,11.191861794657177,,
5390,497,0.002511260401418743,-0.05698381987009877,0.12095057841142018,2390400,11.212778127259678,,
5412,498,0.0036368491812027058,-0.054017457661151035,0.12796512083212527,2395200,11.23392560991976,,
5421,499,0.003007072565863685,-0.048618111550119164,0.1296457591851552,2400000,11.255229464901818,,
5428,500,0.002886600163280188,-0.053888542581019765,0.13298541657129923,2404800,11.276401434342066,,
5444,501,0.0038567061497208972,-0.050596761540024696,0.1293755737543106,2409600,11.297259565790494,,
5456,502,0.0034901227954833303,-0.05235200460447231,0.12239046144485474,2414400,11.424407320949767,0.039965,
5462,503,0.0019600706747345004,-0.06026608547435899,0.1301622241028845,2419200,11.445415361391174,0.03993,
5471,504,0.0037697744274434323,-0.0488101635700635,0.1221758870614469,2424000,11.466309602326817,0.039895,
5481,505,0.003492339999017228,-0.05719649397603158,0.13533551275686423,2428800,11.487324914071294,0.03986,
5497,506,0.004568281365209259,-0.05731735123026738,0.1273375873457789,2433600,11.508018092314403,0.039825,
5513,507,0.004188728424924193,-0.05407019633469948,0.1311440933561324,2438400,11.529239824612935,0.03979,
5524,508,0.0027182518562767653,-0.05519678944959499,0.13604847678034504,2443200,11.550194998979569,0.039755,
5536,509,0.007448441492548833,-0.04787244816276749,0.1264238786522796,2448000,11.571006294422679,0.03972,
5553,510,0.006019305521476781,-0.05069487220874483,0.1320111569706201,2452800,11.591864573889309,0.039685,
5562,511,0.002232225221086992,-0.05418869993482076,0.1241595910476347,2457600,11.613163429432445,0.03965,
5571,512,0.0025836826316663064,-0.05858966570904158,0.12904499179561937,2462400,11.633871923155255,0.039615,
5584,513,0.002941457322109879,-0.054280660605824475,0.1274324100291133,2467200,11.654710730248027,0.039580000000000004,
5590,514,0.002643948152884453,-0.05323439111789412,0.12829858321754148,2472000,11.675447772542636,0.039545000000000004,
5602,515,0.002665417503158096,-0.05634524553170195,0.1320139305539083,2476800,11.69641660677062,0.03951,
5610,516,0.004101101172273048,-0.0541942583820249,0.13082903284540764,2481600,11.71700539999538,0.039475,
5625,517,0.0062045391799377585,-0.05311391541420865,0.11817397894529003,2486400,11.73794523815314,0.03944,
5634,518,0.004314830116588079,-0.05280532976285031,0.12771195934271815,2491200,11.758678071830008,0.039405,
5645,519,0.0042057383301046984,-0.054578655702789546,0.12327072061856094,2496000,11.779866198632453,0.03937,
5658,520,0.005089442385603131,-0.0571265147892215,0.12155848146490261,2500800,11.800799040198326,0.039335,
5676,521,0.003708449504483724,-0.05556000014573025,0.12501370370350282,2505600,11.82188274403413,0.0393,
5687,522,0.0047568615433798795,-0.04913018336325573,0.12526358291804784,2510400,11.842843493554327,0.039265,
5690,523,0.001220914510001118,-0.06276203403782953,0.12957521982176104,2515200,11.86382573650943,0.03923,
5706,524,0.0025878323504002765,-0.05114481987499554,0.11925093444027499,2520000,11.884638432860374,0.039195,
5716,525,0.0034175051662411232,-0.04961916763037758,0.1260531939511299,2524800,11.905140732725462,0.03916,
5734,526,0.0033207571381353774,-0.052424276138511534,0.1280712938406864,2529600,11.925987632274628,0.039125,
5737,527,0.0022147360868984833,-0.04730643687847381,0.12053787640805042,2534400,12.033684015605186,0.03909,
5746,528,0.0027776480608736167,-0.05304212351211201,0.11857843599599592,2539200,12.05463011264801,0.039055,
5754,529,0.0020286639914653885,-0.05479746367588329,0.1248153144223044,2544000,12.07548417588075,0.03902,
5766,530,0.0029760962812967287,-0.053017160253815136,0.12889487109518044,2548800,12.096836648914548,0.038985,
5777,531,0.0031180454903127004,-0.05110745386652222,0.11696282842430458,2553600,12.117883115079668,0.03895,
5788,532,0.0049330119649918435,-0.05318546649553658,0.12375472493395204,2558400,12.138684249917667,0.038915,
5799,533,0.002928472062679551,-0.05127229485424323,0.1263032220975508,2563200,12.160046853952938,0.03888,
5810,534,0.0026469142064646195,-0.06001802318836174,0.125138690375805,2568000,12.180735211835968,0.038845,
5820,535,0.0021718631595528375,-0.06040154385142766,0.12827619641139607,2572800,12.201533026827706,0.03881,
5831,536,0.002375250631545593,-0.05436756738367876,0.13181455656543378,2577600,12.22242474006282,0.038775000000000004,
5848,537,0.004179268048756057,-0.0497151236270535,0.11857167759284379,2582400,12.243268880049387,0.038740000000000004,
5858,538,0.0030795872529173116,-0.053228700912344114,0.12403983983465049,2587200,12.264577811890177,0.038705,
5873,539,0.0025849741975738044,-0.05688477683236973,0.12346583034687741,2592000,12.285628987418281,0.03867,
5879,540,0.001480214825035849,-0.06010211466570278,0.12739283669683332,2596800,12.306527896987067,0.038635,
5893,541,0.00622270223623976,-0.04733516189868776,0.12179328821654122,2601600,12.327333162360722,0.0386,
5901,542,0.005836029740870193,-0.04483905657859092,0.12402155479947724,2606400,12.348163799775971,0.038565,
5915,543,0.004169078045621669,-0.05386342311709692,0.12252708850349484,2611200,12.369209080603387,0.03853,
5926,544,0.004070844477246283,-0.051403015977848555,0.11930324517333504,2616000,12.39046729127566,0.038495,
5938,545,0.0026731737656518818,-0.06007595616635323,0.11905132726385191,2620800,12.411438090470103,0.03846,
5944,546,0.003531753351126099,-0.05460962082485518,0.12394250897300245,2625600,12.432402450243632,0.038425,
5956,547,0.004040395701789142,-0.049098974471659555,0.11882841978356239,2630400,12.453310355875228,0.03839,
5973,548,0.004164884062144362,-0.05326328098030899,0.11701717939900365,2635200,12.474441887670093,0.038355,
5982,549,0.002858183299395023,-0.05121197415804393,0.11907615965287384,2640000,12.49537894917859,0.03832,
5990,550,0.002230854232766433,-0.05538315724940427,0.11452834447336196,2644800,12.516334967480766,0.038285,
5999,551,0.001944365702123226,-0.05767348045980422,0.11006098558819297,2649600,12.537317873504426,0.03825,
6013,552,0.004714641703564363,-0.053113445602260376,0.1121915428698063,2654400,12.643364213440153,0.038215,
6027,553,0.004137690402906931,-0.05139817883634047,0.11588188307554527,2659200,12.664316023985545,0.03818,
6043,554,0.004759460609542051,-0.055026383484801045,0.1168920566549499,2664000,12.685734940899742,0.038145,
6055,555,0.002742982297058916,-0.05250738749637094,0.11917886938644943,2668800,12.706985131502151,0.03811,
6070,556,0.0018851264531501025,-0.052087446844234365,0.11379309076531727,2673600,12.728236941430303,0.038075,
6078,557,0.0011617214019982688,-0.05522227164898747,0.11151474142986041,2678400,12.749884172280629,0.03804,
6086,558,0.0009807787892592993,-0.052030178613495084,0.11349888371026516,2683200,12.77132715801398,0.038005,
6096,559,0.001344967252225615,-0.050515169688151215,0.11349560343473163,2688000,12.792733420530954,0.037970000000000004,
6105,560,0.0015207180780028768,-0.0549700047444882,0.11464417596604429,2692800,12.813950655062994,0.037935,
6117,561,0.0020567749300729097,-0.054249334054899616,0.11317520510476825,2697600,12.835538418094318,0.0379,
6125,562,0.0016845831839115515,-0.05407328844169872,0.1167808367716272,2702400,12.856875707507134,0.037865,
6134,563,0.0019166296675393823,-0.05252197192309419,0.11585133156231045,2707200,12.878106821841664,0.03783,
6143,564,0.003766220874240389,-0.04960178946930682,0.1166905449696482,2712000,12.899119116928842,0.037795,
6152,565,0.003690440164064057,-0.05499883580256816,0.11080706681060791,2716800,12.920196283989483,0.03776,
6167,566,0.005261216002691071,-0.04943774912098888,0.11208440232213339,2721600,12.941187928848796,0.037725,
6183,567,0.0049770209361061765,-0.052150872427955616,0.10553017267234628,2726400,12.96270847386784,0.03769,
6196,568,0.0025449354832138243,-0.06104244734051463,0.11330461912016068,2731200,12.983882095879979,0.037655,
6211,569,0.004095648149814224,-0.04975086308598596,0.11032176057726643,2736000,13.005360970695813,0.03762,
6224,570,0.004216897526445488,-0.054198399340627174,0.1117455016490221,2740800,13.026302833888266,0.037585,
6242,571,0.003829647077509435,-0.05054767143446952,0.11378658601679907,2745600,13.04754083024131,0.03755,
6257,572,0.0034950106749117066,-0.054199481818310837,0.10835980289310217,2750400,13.069025500284301,0.037515,
6272,573,0.0029861254508432465,-0.051928614001129365,0.11423462869778271,2755200,13.090345484746827,0.03748,
6281,574,0.004851660218264442,-0.05081235294677147,0.10717885184987383,2760000,13.11173455370797,0.037445,
6296,575,0.002593977529856299,-0.05365285110819969,0.11950493515203402,2764800,13.133090777993202,0.03741,
6303,576,0.001118196853470484,-0.053313565455755454,0.11092811628013846,2769600,13.154784006873767,0.037375,
6308,577,0.0011136060778274743,-0.05684961211482005,0.11179458292201158,2774400,13.272880678110653,0.03734,
6315,578,0.0019620743885752747,-0.05308175917258874,0.11190079118663071,2779200,13.2946634617779,0.037305,
6324,579,0.0016041352721610262,-0.05196556758019142,0.11802989919242268,2784000,13.316432306700282,0.03727,
6337,580,0.0018316218709514942,-0.044662155281669884,0.11524921519285442,2788800,13.338137286636565,0.037235000000000004,
6357,581,0.002758266204667355,-0.05303376637554417,0.12148326793916527,2793600,13.359542652633454,0.0372,
6369,582,0.001254611224491479,-0.04788980356958442,0.12297386354327201,2798400,13.380536444187165,0.037165000000000004,
6379,583,0.0025245443463669894,-0.04845266661180479,0.116099722243468,2803200,13.401793446143468,0.03713,
6394,584,0.0042325851129135115,-0.0399129035392131,0.11420004677834111,2808000,13.422801162732972,0.037095,
6402,585,0.0019302492836383558,-0.05147131224190768,0.11365554008102415,2812800,13.444419455064667,0.03706,
6410,586,0.0021637414412301343,-0.04625404778807933,0.11495011332062882,2817600,13.465478254026836,0.037025,
6427,587,0.005048998709147175,-0.04874024227901828,0.11547927283853296,2822400,13.486750026610162,0.03699,
6437,588,0.0023030319294775835,-0.05380355594243156,0.12057912203693391,2827200,13.50793810195393,0.036955,
6447,589,0.003624001733745293,-0.04997739749795376,0.11704990359002848,2832000,13.529304125044082,0.03692,
6460,590,0.003543233224869861,-0.049454825618401324,0.1161914717927774,2836800,13.550852568745613,0.036885,
6467,591,0.0023283199314998154,-0.05470276072968166,0.1139064914413839,2841600,13.572168077164227,0.03685,
6476,592,0.002996929110910666,-0.05586007439342211,0.11732507004350425,2846400,13.59384273370107,0.036815,
6485,593,0.003139953769762845,-0.0546303353345138,0.11568886036236582,2851200,13.615335592296388,0.03678,
6493,594,0.0039801923000292545,-0.053614221798731404,0.10887218632376199,2856000,13.636828588313527,0.036745,
6503,595,0.003424841737675403,-0.058586559024600623,0.1191915756080697,2860800,13.658380936582883,0.03671,
6522,596,0.0050065320863116845,-0.05443984130016209,0.11200191938710215,2865600,13.680022287302547,0.036675,
6530,597,0.003317074593360303,-0.05865376234836125,0.10653173158720135,2870400,13.701456119815509,0.03664,
6542,598,0.0037660900661042737,-0.05528434756536929,0.10304563315439225,2875200,13.723125439418686,0.036605,
6554,599,0.002335110700126582,-0.057475202404566515,0.09624248800527799,2880000,13.745054624544249,0.03657,
6565,600,0.0026946763556528214,-0.05204572550940914,0.10147047993534809,2884800,13.766836497386297,0.036535,
6573,601,0.0026422894220255936,-0.052285624357197476,0.10474148357955616,2889600,13.788751757012474,0.0365,
6585,602,0.004982173416162065,-0.05057217744930161,0.10772116736223297,2894400,13.90110206855668,0.036465,
6601,603,0.004873604543536203,-0.05572897177407867,0.1120645788140744,2899200,13.922546609772576,0.036430000000000004,
6619,604,0.00440337992622517,-0.05421496000581101,0.10571569052216412,2904000,13.944206144279903,0.036395000000000004,
6629,605,0.0025758333923780203,-0.0568876965022658,0.10704306417644523,2908800,13.965465224981308,0.03636,
6643,606,0.0030917530675651506,-0.05475956970525052,0.1117784476790428,2913600,13.986925775673654,0.036325,
6658,607,0.0036955603485694156,-0.05565235824457583,0.11217162841816739,2918400,14.008389605946011,0.03629,
6669,608,0.006903683075264174,-0.05426292256937207,0.11137232198118176,2923200,14.029503829744128,0.036255,
6679,609,0.004588715545590579,-0.05711077574451338,0.11010090211494265,2928000,14.050527123610179,0.03622,
6688,610,0.0027002888835947186,-0.061507363156973346,0.1073347555367151,2932800,14.071899414459864,0.036185,
6704,611,0.0035045384080149232,-0.058081277846940796,0.10698399899894502,2937600,14.093257457547718,0.03615,
6714,612,0.0022815450608807924,-0.05939239895572731,0.11319125971883538,2942400,14.114584849675497,0.036115,
6724,613,0.0023948617686983197,-0.06453701788747518,0.11380427574197943,2947200,14.136199415723484,0.03608,
6733,614,0.003930679975261834,-0.05264957801700802,0.10722818376064293,2952000,14.15800895690918,0.036045,
6750,615,0.004595303556076639,-0.05494371456394826,0.10451388614805038,2956800,14.179504484931629,0.03601,
6762,616,0.002960263428394683,-0.053396128406651165,0.10167967193273694,2961600,14.201024317807622,0.035975,
6775,617,0.0038937564687027285,-0.05888098133327731,0.11561562456265087,2966400,14.221879296832615,0.03594,
6785,618,0.004502562414078663,-0.05790188863423585,0.10951575741446021,2971200,14.243115613328087,0.035905,
6798,619,0.0031490677164886923,-0.05578824612942602,0.10582974618178607,2976000,14.26433319568634,0.03587,
6812,620,0.0032879099065515525,-0.05564675050360771,0.10213850108186394,2980800,14.285719586412112,0.035835,
6826,621,0.004420599530567415,-0.05380057981328719,0.0997688883824497,2985600,14.307414209246636,0.0358,
6836,622,0.0050030059147199305,-0.05777873065356592,0.09955358244280024,2990400,14.329169735180008,0.035765,
6849,623,0.003599967284632536,-0.057810885985963976,0.10126502224551634,2995200,14.350780150029394,0.03573,
6862,624,0.004014182263927068,-0.05879966786002721,0.1098448851336837,3000000,14.372080843779775,0.035695,
6876,625,0.0048921044076754095,-0.05823969767061499,0.10967643289102609,3004800,14.393349535597695,0.03566,
6884,626,0.005127075450339665,-0.05300109418240027,0.10240721279144288,3009600,14.414831150041687,0.035625000000000004,
6903,627,0.004893761289713439,-0.057931038207971144,0.10242623093910529,3014400,14.520206637647417,0.03559,
6915,628,0.004773291952733416,-0.059631967672612515,0.1025314558798572,3019200,14.541484057505926,0.035555,
6928,629,0.003986484846730794,-0.057657080202356305,0.10784239300024513,3024000,14.56277169280582,0.03552,
6933,630,0.004225577204003154,-0.05499009702286154,0.10386637575149545,3028800,14.584254380398326,0.035485,
6947,631,0.0044507005957711955,-0.05514004962072552,0.1049558870840371,3033600,14.605750846266746,0.03545,
6955,632,0.009206038267438998,-0.04895638031836522,0.10144382250313962,3038400,14.627129124601682,0.035415,
6970,633,0.004024830751829237,-0.057270754280701414,0.09739899664565928,3043200,14.64870812005467,0.03538,
6977,634,0.0020940840889428123,-0.055842211089535944,0.09578692950055995,3048000,14.67051887538698,0.035345,
6990,635,0.0027425725803671714,-0.0584073193123307,0.09313740005995835,3052800,14.691962527765169,0.03531,
6997,636,0.003013580266269855,-0.056291586800034564,0.09650017090159661,3057600,14.713712935315238,0.035275,
7007,637,0.0031542913183026638,-0.060165971940538535,0.09952442820812261,3062400,14.73554377761152,0.03524,
7020,638,0.006145697140649039,-0.05566745461013246,0.10409371534784631,3067200,14.757128717104594,0.035205,
7032,639,0.004707130952495694,-0.05571081899130756,0.1007833781027049,3072000,14.778834548195203,0.03517,
7045,640,0.002689873325531759,-0.06071475444477983,0.09851712285132204,3076800,14.800457719961802,0.035135,
7063,641,0.0034887874372846756,-0.05811032198932177,0.10227729469420013,3081600,14.822046474483278,0.0351,
7074,642,0.0033442379529636432,-0.05560238212007486,0.10851955721944569,3086400,14.843600581884385,0.035065,
7089,643,0.002785137308819685,-0.05255490823862298,0.10608565883122881,3091200,14.865373802449968,0.03503,
7097,644,0.0017274853749161896,-0.055264181084748995,0.10387812630139782,3096000,14.88712959839238,0.034995,
7105,645,0.0023808115622766008,-0.04078096738912791,0.10560992081086332,3100800,14.908939992520544,0.03496,
7118,646,0.004702466225959749,-0.049735234486676445,0.10678494782606757,3105600,14.930789962410927,0.034925,
7130,647,0.002284908731720255,-0.05385186909552431,0.10511860231349868,3110400,14.952319739196035,0.034890000000000004,
7137,648,0.002678571750827056,-0.05456076078262413,0.1031384654202163,3115200,14.973611281580395,0.034855,
7147,649,0.0026221329731924924,-0.05854357138984293,0.10643632344730197,3120000,14.995101810097694,0.034820000000000004,
7161,650,0.002543085611008185,-0.05333879815855956,0.10381633954526977,3124800,15.016687020328309,0.034785,
7172,651,0.00303336473540791,-0.04968110955536152,0.1012181979423613,3129600,15.037897296349207,0.03475,
7191,652,0.003961131509277039,-0.05368806767249528,0.10278425239622589,3134400,15.169371993078126,0.034715,
7201,653,0.0028653097389906177,-0.05794921823471668,0.09138000079409285,3139200,15.191309042771657,0.03468,
7214,654,0.003773014752853972,-0.053554249615581286,0.09289030825960634,3144000,15.212853348851205,0.034645,
7228,655,0.004873985315740962,-0.055411697583379764,0.09400471465731909,3148800,15.234476499491267,0.03461,
7242,656,0.0028348217490323196,-0.060730365984879124,0.09675100997197632,3153600,15.256067150566313,0.034575,
7249,657,0.002948701300435156,-0.05894726124157993,0.09545362838365137,3158400,15.277746958335241,0.03454,
7257,658,0.005952865492145065,-0.05654464002460979,0.0967142599866987,3163200,15.299305446810193,0.034505,
7268,659,0.0031986920730560087,-0.05938207045643746,0.09143491020977747,3168000,15.321170242296326,0.03447,
7283,660,0.004283214763078528,-0.056648018026680805,0.09146773853091898,3172800,15.342626655366686,0.034435,
7300,661,0.0035945024969502508,-0.05800072510367803,0.098467872649322,3177600,15.364610942999521,0.0344,
7315,662,0.008065813580954758,-0.054031380520852205,0.09450741758108133,3182400,15.386361273262235,0.034365,
7325,663,0.003863406393308348,-0.05363397993448113,0.09090991370540859,3187200,15.408275448083877,0.03433,
7337,664,0.0035260897544503677,-0.0577338532277281,0.0904531235634883,3192000,15.43014310379823,0.034295,
7350,665,0.0039041653292467044,-0.05688203879981302,0.09402671347015595,3196800,15.451855081518492,0.03426,
7361,666,0.004972317902138456,-0.0537367812517914,0.10013071809726946,3201600,15.473182461063066,0.034225,
7370,667,0.0033165459462907165,-0.05410198822986179,0.09663082551762457,3206400,15.49516514956951,0.03419,
7379,668,0.0028767663354907808,-0.05747850179243415,0.09712113972836728,3211200,15.516634040408665,0.034155,
7393,669,0.005817599869866778,-0.057051864473699726,0.09285967001304027,3216000,15.538139552738931,0.03412,
7408,670,0.003321874919250452,-0.05456834986980539,0.09012782459604737,3220800,15.56001048690743,0.034085,
7423,671,0.003107348209353707,-0.05889652436502123,0.08824632868993776,3225600,15.58172702146901,0.03405,
7442,672,0.0040250381580942,-0.061694545252157694,0.09290505781054495,3230400,15.603513085047403,0.034015000000000004,
7456,673,0.003879955710241726,-0.05263835644148761,0.08327965805010748,3235200,15.62541382153829,0.03398,
7469,674,0.0034002572981989944,-0.05819926699308174,0.08689073649213713,3240000,15.647346405320697,0.033945,
7478,675,0.00382348306569232,-0.05663676226528575,0.08784688478597999,3244800,15.669117101960712,0.03391,
7484,676,0.0038214485209512833,-0.059188659623760034,0.08750791863001384,3249600,15.691168313026429,0.033875,
7499,677,0.005367180051204438,-0.05455805013492257,0.09533682508667315,3254400,15.813794675336943,0.03384,
7505,678,0.003475599182032359,-0.05496979496892133,0.08958924304461482,3259200,15.835886411335734,0.033805,
7518,679,0.004405285438406281,-0.052683067073940035,0.08377356116865571,3264000,15.857635093132656,0.03377,
7535,680,0.005882402594337085,-0.05287770901498637,0.09051596267276509,3268800,15.87966601199574,0.033735,
7547,681,0.004126602867472684,-0.05896938539905629,0.08604020419549938,3273600,15.901769223809243,0.0337,
7562,682,0.003928656653685417,-0.05979363763743398,0.08895072054763632,3278400,15.924099892642763,0.033665,
7578,683,0.005668751392901564,-0.05440455668758659,0.08725693825110796,3283200,15.945639936659072,0.03363,
7594,684,0.004270405546897867,-0.05883226759838938,0.09095193839815256,3288000,15.967894765138626,0.033595,
7606,685,0.001878656292683445,-0.055942740637692626,0.09010524868590632,3292800,15.98976293080383,0.03356,
7620,686,0.0069982272601919245,-0.047456802560554935,0.0851478301797509,3297600,16.011845992207526,0.033525,
7630,687,0.003980499938916182,-0.056507138941560696,0.08954016358204182,3302400,16.033694991668064,0.03349,
7643,688,0.0029418501139540846,-0.0541919900039223,0.0936209899974664,3307200,16.0552505304416,0.033455,
7656,689,0.0056346147134415025,-0.05213096249887409,0.0960658384221544,3312000,16.077365356352594,0.03342,
7663,690,0.0018980018619913607,-0.05714415241903528,0.09771511125212906,3316800,16.099310814076,0.033385,
7674,691,0.005927693356352392,-0.04843736506866776,0.09338534456832207,3321600,16.121440987918113,0.03335,
7687,692,0.002443763688158166,-0.05443612307305254,0.09259127225165567,3326400,16.143299665119912,0.033315,
7701,693,0.002179115838710762,-0.05520204299003429,0.0950388040359169,3331200,16.165209463569852,0.03328,
7711,694,0.0037360419776329462,-0.05315708485228849,0.08659680482482905,3336000,16.187493158777556,0.033245,
7722,695,0.0036635736942116637,-0.052861740946779416,0.08790951224127909,3340800,16.209533502260843,0.03321,
7735,696,0.0019992111289563277,-0.06108309945539077,0.09121154256659748,3345600,16.231716113885245,0.033174999999999996,
7750,697,0.0009470275463778914,-0.06290368422117656,0.08559324890395006,3350400,16.253703006704647,0.03314,
7760,698,0.0014256563032783258,-0.056584124235087074,0.09004870161230369,3355200,16.275484510329033,0.033105,
7771,699,0.002687815538229188,-0.053453448280439866,0.09325703719882662,3360000,16.297577558888328,0.03307,
7781,700,0.001960783899630769,-0.05726275053111749,0.09139717024563745,3364800,16.31978047284815,0.033035,
7789,701,0.002481104950614584,-0.04918251665457471,0.0888905347543806,3369600,16.341806851095622,0.033,
7799,702,0.003414086105355333,-0.039832839439645794,0.09017017115354534,3374400,16.46882767352793,0.032965,
7807,703,0.001037345003229954,-0.053925702983300045,0.09101200664441791,3379200,16.490944565004774,0.03293,
7815,704,0.0015709702119541665,-0.053461120655507934,0.0918543459157248,3384000,16.513228131930035,0.032895,
7837,705,0.005458349676579625,-0.044165420812138714,0.08828787776394185,3388800,16.535814056926302,0.03286,
7846,706,0.002445572565072022,-0.05200339677133646,0.09407190166437628,3393600,16.55780469318231,0.032825,
7854,707,0.0018260688518542641,-0.05600480940011039,0.09318713252800206,3398400,16.580015130903984,0.03279,
7874,708,0.005373265415983042,-0.045846762410656085,0.09024717549312113,3403200,16.602407314181328,0.032755,
7889,709,0.003109740088014708,-0.053890768424995864,0.09208951089337962,3408000,16.624652491410572,0.03272,
7895,710,0.0031334830438330148,-0.05190264330231002,0.0919853576342264,3412800,16.646869391202927,0.032685,
7906,711,0.002307991468599842,-0.06037257042820177,0.09357663329486554,3417600,16.6693747046921,0.03265,
7916,712,0.003201939182569428,-0.05422832402024748,0.09667397086232904,3422400,16.69131392598152,0.032615,
7926,713,0.00675592714396771,-0.055686971837712915,0.0934306717615227,3427200,16.713619580864908,0.03258,
7937,714,0.004212358561926521,-0.058902256582890306,0.08841386951494212,3432000,16.73601668006844,0.032545,
7947,715,0.004545226381742396,-0.057135791527131614,0.08347841317841415,3436800,16.75784589714474,0.03251,
7955,716,0.0037965554161928593,-0.054952920515703836,0.08371470226063828,3441600,16.780163626405926,0.032475000000000004,
7961,717,0.0038674845253505435,-0.058537484016657496,0.08639622107915586,3446400,16.80250274406539,0.03244,
7976,718,0.0030821621029948195,-0.056761904384923886,0.08551702695715425,3451200,16.824918039573564,0.032405,
7987,719,0.004028397973646254,-0.05460307026882371,0.08243316100254902,3456000,16.847507776021956,0.03237,
7998,720,0.0032503406939213162,-0.05180685273250371,0.08697879716619843,3460800,16.86977928108639,0.032335,
8010,721,0.003923610334459227,-0.052967291479581034,0.08331968979682773,3465600,16.8919354105658,0.0323,
8026,722,0.005677671514664932,-0.05293000949604902,0.08057206696808338,3470400,16.9146180283361,0.032265,
8044,723,0.004051273986988235,-0.052585218229554205,0.08431072875000538,3475200,16.937213245365356,0.03223,
8056,724,0.007104625056187312,-0.052323567958471054,0.08874923662516478,3480000,16.95999766217338,0.032195,
8061,725,0.0033964456236086943,-0.05420392168610609,0.09016057436495523,3484800,16.982309971054395,0.03216,
8078,726,0.002709738918686829,-0.05771667607744651,0.08773154098558418,3489600,17.004951428042517,0.032125,
8090,727,0.006730657363368664,-0.04926073082897346,0.084517944503203,3494400,17.11279525048203,0.03209,
8099,728,0.00295771961294425,-0.054468056550467735,0.08702044341281058,3499200,17.135526553193728,0.032055,
8111,729,0.003382291752253271,-0.05729540035887718,0.08082036924295868,3504000,17.157702733543186,0.03202,
8125,730,0.0041270572490854345,-0.04887791863681438,0.08639801728383702,3508800,17.179944039450753,0.031985,
8138,731,0.0031332959054755825,-0.05427417684016594,0.084275033133482,3513600,17.20237961437967,0.03195,
8155,732,0.0033434110885233776,-0.04867886017091223,0.08574033117547632,3518400,17.224500136905245,0.031915,
8169,733,0.006442217099053475,-0.05097102982472279,0.08811098459911841,3523200,17.246870097849104,0.03188,
8184,734,0.003829927489520439,-0.055546326442951495,0.08949253632863367,3528000,17.26912296831608,0.031845,
8195,735,0.002168395467015216,-0.058144080144605446,0.08374776534327867,3532800,17.291159842676585,0.03181,
8206,736,0.004373079249368554,-0.0499641690007896,0.07888371227938926,3537600,17.31360996094015,0.031775,
8218,737,0.0019889902893434432,-0.04764577123305571,0.07771447861605635,3542400,17.335950706534916,0.031740000000000004,
8233,738,0.003820704122820947,-0.04063080366201272,0.08177719344717263,3547200,17.358054380350644,0.031705,
8244,739,0.0012966860717521437,-0.05188110542670377,0.07936350505564609,3552000,17.380340314706167,0.031670000000000004,
8258,740,0.0052774205917861155,-0.043309741872932746,0.07595719286533195,3556800,17.402681867281597,0.031634999999999996,
8267,741,0.0035711901347288705,-0.04272938269059523,0.0810243622408658,3561600,17.425050167573822,0.0316,
8282,742,0.005150127261610275,-0.05019613026726688,0.07477616807838282,3566400,17.447296962870492,0.031565,
8293,743,0.002802534723014105,-0.04336140131066107,0.07399745161265632,3571200,17.469962979753813,0.03153,
8308,744,0.0030230550837586634,-0.04803179728144945,0.07513702593049407,3576000,17.4924443846941,0.031495,
8315,745,0.003189469316081765,-0.052554361534809385,0.07926803079668181,3580800,17.514721489813592,0.03146,
8323,746,0.002487905139181142,-0.053092346038791524,0.07683014762614171,3585600,17.53717120587826,0.031425,
8336,747,0.0035517596203135326,-0.05240469199197832,0.07989267269894479,3590400,17.559339553647572,0.03139,
8349,748,0.003935032305647231,-0.050812855115994655,0.07839262900363904,3595200,17.58159024523364,0.031355,
8366,749,0.005081352622316141,-0.05203937694748977,0.08185583594550193,3600000,17.603699067963493,0.03132,
8377,750,0.004016530460648937,-0.041438157967998754,0.07582988211125137,3604800,17.625875758396255,0.031285,
8387,751,0.0017032280970549134,-0.05130058228326864,0.07011333229448152,3609600,17.648113586770165,0.03125,
8404,752,0.004692344348101566,-0.046029050869765345,0.07422605760705968,3614400,17.76363650282224,0.031215,
8414,753,0.0019261398456971316,-0.05228584716724072,0.07352512970268726,3619200,17.785849182738197,0.03118,
8421,754,0.0018883173130840685,-0.05625600340790697,0.07515509821074205,3624000,17.807848611805174,0.031145,
8433,755,0.0034080119461577852,-0.04780044760166978,0.07561548407247168,3628800,17.83016975071695,0.03111,
8449,756,0.0014727684283570852,-0.05358092143239143,0.07996685646554827,3633600,17.852778323226506,0.031075,
8464,757,0.004176950656377206,-0.046442469782293,0.07810795195978137,3638400,17.87520035346349,0.031039999999999998,
8478,758,0.003954968120524427,-0.04137365905395806,0.08006398005755737,3643200,17.897582010891703,0.031004999999999998,
8484,759,0.003026068554754602,-0.045144405938481215,0.08271794224293526,3648000,17.919727815787,0.030969999999999998,
8496,760,0.0031324126587909027,-0.052550022857940346,0.08273163151771824,3652800,17.94210987077819,0.030934999999999997,
8505,761,0.0031796711242350283,-0.04964650508930693,0.07966112100765607,3657600,17.9645177160369,0.0309,
8518,762,0.003258568529903035,-0.0523868475490417,0.08207786018222571,3662400,17.987048268053268,0.030865,
8532,763,0.00605519689997891,-0.045595327101242825,0.07843463648280258,3667200,18.009608102374607,0.03083,
8542,764,0.003409988591253447,-0.056400467799782444,0.0774923866464794,3672000,18.032449896799193,0.030795,
8553,765,0.004822321057145018,-0.0584805684646805,0.0742477852360905,3676800,18.054988317886988,0.03076,
8575,766,0.0059926411651152495,-0.052850672872349,0.07451778825801618,3681600,18.077675367792448,0.030725,
8582,767,0.004062792085460387,-0.055729209010799724,0.07591857874132689,3686400,18.10036015596655,0.030690000000000002,
8598,768,0.0031937416230600015,-0.0563272924470463,0.07494886606885494,3691200,18.123158428404068,0.030655,
8608,769,0.002924875426591219,-0.05109860026326108,0.06691817684733373,3696000,18.145925564169882,0.03062,
8621,770,0.0043087002636942396,-0.04827452311936516,0.07097523021289712,3700800,18.16815207666821,0.030585,
8629,771,0.004254091003288826,-0.047466447392798726,0.06913274472332742,3705600,18.19124535911613,0.03055,
8642,772,0.002500382663614194,-0.056498623982285306,0.07193067709224918,3710400,18.2139290216234,0.030515,
8650,773,0.002843332385479395,-0.04951982019579191,0.07588073982010285,3715200,18.236652383406955,0.03048,
8664,774,0.0013831514133926248,-0.06232563321900671,0.0809475399150848,3720000,18.258962143792047,0.030445,
8676,775,0.0013292446956863083,-0.05655688453795544,0.07670611284596227,3724800,18.2810641140408,0.03041,
8690,776,0.0012319603340680866,-0.051718923119794154,0.07973205525439973,3729600,18.30342737899886,0.030375,
8706,777,0.0016111189797811676,-0.05312982993412637,0.07261441182363781,3734400,18.419861827691395,0.03034,
8717,778,0.0024673127719628003,-0.035555317485826285,0.07501242488764724,3739200,18.442431618505054,0.030305,
8724,779,0.0017927917642130827,-0.050325186343191795,0.07139677240898955,3744000,18.46514001700613,0.03027,
8737,780,0.0019519126224622596,-0.05611188330161288,0.08113817192065718,3748800,18.487666075627008,0.030234999999999998,
8745,781,0.0021179005571563417,-0.05220931746977537,0.08102328104163706,3753600,18.51005072342025,0.030199999999999998,
8756,782,0.00283261456109661,-0.051356475526699794,0.07937412940919404,3758400,18.532220493488843,0.030164999999999997,
8768,783,0.0031512827047360287,-0.04663553239229259,0.0804254671550692,3763200,18.554456763399973,0.03013,
8780,784,0.003534004050986065,-0.04394208158337278,0.0776973362507423,3768000,18.577039514713817,0.030095,
8793,785,0.0031447290244007793,-0.05250878095054456,0.0841085538766806,3772800,18.59933236585723,0.03006,
8808,786,0.005452634404355195,-0.0467597129256319,0.08279142109519243,3777600,18.621685735781988,0.030025000000000003,
8815,787,0.003094356396225824,-0.05430156549227831,0.08611740547950064,3782400,18.644216414027746,0.029990000000000003,
8829,788,0.0039954091111818945,-0.05189833697877475,0.08147134389267362,3787200,18.666582555505965,0.029955000000000002,
8848,789,0.007983200797752943,-0.05458643361610787,0.0906758373853564,3792000,18.689081616401673,0.029920000000000002,
8857,790,0.004670935619409041,-0.052458611237913524,0.0900321844978332,3796800,18.711444065968195,0.029885000000000002,
8866,791,0.0040355936779330175,-0.05489996136238915,0.08586653674870727,3801600,18.73432571808497,0.02985,
8877,792,0.0028519821518178407,-0.05479937756504872,0.08069143785975876,3806400,18.756610468361114,0.029815,
8893,793,0.0036317375852377154,-0.054737031789894294,0.08242347633649898,3811200,18.778980547322167,0.02978,
8899,794,0.0032620617957339467,-0.05376182055570098,0.0849616028942863,3816000,18.80129528866874,0.029745,
8905,795,0.0025378506727671874,-0.05916319777922278,0.0824201132239402,3820800,18.82347638865312,0.02971,
8916,796,0.003088488447732137,-0.05766190069753065,0.08761070218896867,3825600,18.8460085384051,0.029675,
8928,797,0.0068361175285341835,-0.04782422547723399,0.08152584611828129,3830400,18.868430939250523,0.02964,
8949,798,0.0037219302971304084,-0.05702849246930176,0.08329275815045838,3835200,18.890916374723115,0.029605,
8959,799,0.0040061097320479655,-0.04949437989950335,0.0775025341428469,3840000,18.913161232537693,0.02957,
8968,800,0.0035498129790842844,-0.05710736833558864,0.08158875394837058,3844800,18.935522127946218,0.029535,
8987,801,0.004938667471772836,-0.056963554783821264,0.08084178435726462,3849600,18.957784360647203,0.0295,
8996,802,0.0041234480937419,-0.054997362920281984,0.08221007188558584,3854400,19.068576711614927,0.029464999999999998,
9010,803,0.006336311742294735,-0.05435267064676737,0.08121516715954241,3859200,19.091173749830986,0.029429999999999998,
9024,804,0.007140684630333756,-0.05482481370127061,0.08218896604236962,3864000,19.113225021031166,0.029394999999999998,
9034,805,0.006280257480102591,-0.053701524967861285,0.08228383165115119,3868800,19.135585608151224,0.02936,
9051,806,0.00617317793755016,-0.05785386449909614,0.08170117397626246,3873600,19.158042026228376,0.029325,
9059,807,0.003691127106624966,-0.05704087925350905,0.08546166390202938,3878400,19.180018335580826,0.02929,
9070,808,0.005943219204588483,-0.057906184233434035,0.08613002251589297,3883200,19.202617752419577,0.029255,
9078,809,0.0031927562158671208,-0.058776467024654264,0.08071368436154229,3888000,19.224984193841617,0.02922,
9092,810,0.0046238042680973495,-0.05559337926812683,0.07543447278222441,3892800,19.247701262500552,0.029185,
9108,811,0.0048597498083836396,-0.05542320406263552,0.07850957798796646,3897600,19.269978858364954,0.029150000000000002,
9117,812,0.0032396344487400103,-0.05521051879380442,0.08063337671076252,3902400,19.292679627074136,0.029115000000000002,
9125,813,0.004824997049581725,-0.04574606743566013,0.07834955663618451,3907200,19.315394304129814,0.02908,
9143,814,0.008103575372660998,-0.05274819761543768,0.084666300198714,3912000,19.338068007098304,0.029045,
9160,815,0.005647313985779571,-0.046181088615124585,0.0842066064944367,3916800,19.361491574976178,0.02901,
9172,816,0.005007494967624856,-0.05529374239595199,0.08023207435160881,3921600,19.38428758694066,0.028975,
9187,817,0.001973173441850425,-0.06082766801991966,0.07862301848622659,3926400,19.407059143251843,0.02894,
9202,818,0.0027812697435971737,-0.0506773341675095,0.07818360991307095,3931200,19.429883220262,0.028905,
9213,819,0.004605053382692859,-0.050070134366251295,0.07570568033497034,3936000,19.452357446286413,0.02887,
9226,820,0.0033818947323500954,-0.052689605603397166,0.07736748248008887,3940800,19.474899561074047,0.028835,
9241,821,0.0033221255214205786,-0.05141977003847084,0.07857556967141226,3945600,19.49730933553643,0.0288,
9251,822,0.0025389967318915295,-0.05538551042945983,0.07950326657295229,3950400,19.519671797686154,0.028765,
9265,823,0.006081802244686211,-0.05285043862798678,0.07901140734334294,3955200,19.54243225839403,0.02873,
9276,824,0.004654623887230021,-0.054870093074653896,0.08161593932727965,3960000,19.56463180575106,0.028695,
9285,825,0.0033468789957017482,-0.05513729111535213,0.07941605665795508,3964800,19.587451161411074,0.028659999999999998,
9298,826,0.0034336878331184075,-0.056766456904657994,0.08260521430726846,3969600,19.609989212420253,0.028624999999999998,
9307,827,0.004126356671137425,-0.05084902504167985,0.07737242514292396,3974400,19.73136194030444,0.028589999999999997,
9317,828,0.003617309869393163,-0.060921137772432604,0.08482310807934398,3979200,19.753683625393442,0.028554999999999997,
9333,829,0.005715932309006651,-0.056386530311525955,0.08016329692816736,3984000,19.775938740902475,0.028519999999999997,
9347,830,0.005549185751200033,-0.05791789187151153,0.07965628924687698,3988800,19.798224220342107,0.028485,
9360,831,0.003059129421308171,-0.05871568050400432,0.07910600912202889,3993600,19.82070706890689,0.02845,
9372,832,0.004815546895648974,-0.06178989994732546,0.07887553833176691,3998400,19.843382035626306,0.028415,
9380,833,0.0035275519660596427,-0.056403199575894784,0.07724952179139355,4003200,19.86615746723281,0.02838,
9392,834,0.003913126085050559,-0.05806295174685753,0.07364972836259004,4008000,19.88856160256598,0.028345,
9400,835,0.002533947309711948,-0.0589210848208495,0.07544781439157325,4012800,19.910892195304235,0.02831,
9411,836,0.002478807421963817,-0.053159539634968195,0.08127574560713775,4017600,19.93371625098917,0.028275,
9424,837,0.0038544824899872767,-0.05396822113907547,0.08122955785907808,4022400,19.95638937022951,0.02824,
9432,838,0.004235322463500779,-0.05498295704037446,0.07957167663566272,4027200,19.97911810040474,0.028205,
9445,839,0.0049657954337211175,-0.05285757300823661,0.08271244389418755,4032000,20.001826567782295,0.02817,
9454,840,0.0049203215530724265,-0.052288597160698676,0.08393345311143999,4036800,20.02458603070842,0.028135,
9465,841,0.004630129773189159,-0.057241013708456495,0.07996993890186152,4041600,20.047558883362345,0.0281,
9481,842,0.005734133452157645,-0.05712460929644294,0.07882227952092884,4046400,20.070309681428803,0.028065,
9496,843,0.010536506402907738,-0.05035703334015125,0.0771725580031574,4051200,20.09339036239518,0.02803,
9511,844,0.0037189193855738266,-0.06278057436065865,0.07828484986232716,4056000,20.1162177970012,0.027995,
9526,845,0.0058533407927219136,-0.054615103992303675,0.08418176358726619,4060800,20.138768094844288,0.02796,
9541,846,0.005256621967419051,-0.05870298660314196,0.09013099809396266,4065600,20.16154241177771,0.027925,
9553,847,0.004985952621306448,-0.059100277050614144,0.08982291584370036,4070400,20.184017183913124,0.027889999999999998,
9559,848,0.004312396129049981,-0.0543325778897876,0.09090050087255236,4075200,20.206750815974342,0.027855,
9561,849,0.003573569939180743,-0.05833473506348431,0.09031840473286808,4080000,20.229513300524818,0.02782,
9577,850,0.004586885601747781,-0.04960018350254056,0.08430509442939366,4084800,20.252605013714895,0.027785,
9591,851,0.0043138041194955195,-0.05352062265580268,0.08109807811753451,4089600,20.275345018638504,0.02775,
9605,852,0.0047104596941305015,-0.052437935003157084,0.07762720844894656,4094400,20.39545834210184,0.027715,
9612,853,0.0026427525153849274,-0.053848310739946705,0.07768504950724796,4099200,20.418499883214633,0.02768,
9623,854,0.0030747331084664134,-0.05396011114353314,0.08078253931554161,4104000,20.441228161123064,0.027645000000000003,
9631,855,0.0025872652642040823,-0.05862400600332573,0.07890107325156032,4108800,20.463924805786874,0.027610000000000003,
9647,856,0.005557947042689193,-0.0535095337754683,0.07628665977921091,4113600,20.486485170324645,0.027575000000000002,
9663,857,0.004233560684224358,-0.05724126683089707,0.07991072237002352,4118400,20.508905347718134,0.027540000000000002,
9671,858,0.005901388761897882,-0.05327880899628023,0.08278865905702117,4123200,20.531698283288215,0.027505,
9685,859,0.006870722557020296,-0.05176241534985214,0.08106906673239175,4128000,20.554626389741898,0.02747,
9697,860,0.005698233704606537,-0.062217261924585425,0.08286013939272362,4132800,20.577363105085162,0.027435,
9712,861,0.005842270848612922,-0.051777172676399155,0.08328019867224992,4137600,20.59992799136374,0.0274,
9723,862,0.006034143016828845,-0.0538512050568291,0.0807602122312784,4142400,20.62306600921684,0.027365,
9732,863,0.004486953288627167,-0.05693821050881524,0.07554717676052451,4147200,20.64626650551955,0.02733,
9743,864,0.004443275205267128,-0.05804805663016547,0.07472871396949891,4152000,20.669035269154442,0.027295,
9756,865,0.003846422444379035,-0.06164692857613166,0.07760592386219405,4156800,20.69179623934958,0.02726,
9769,866,0.0034945184238798295,-0.06061651641090672,0.08199937036154667,4161600,20.71471237566736,0.027225,
9780,867,0.003497953768237494,-0.05952774118001495,0.07886004621326927,4166400,20.737766404880418,0.02719,
9799,868,0.0036749239305208905,-0.05349889218286989,0.07834801057278115,4171200,20.760507413612473,0.027155,
9809,869,0.0024991983006960555,-0.05896835767352968,0.08781613644258193,4176000,20.78318035417133,0.02712,
9818,870,0.0019219609547387031,-0.06001188733692591,0.08638966847109796,4180800,20.805679475797547,0.027084999999999998,
9838,871,0.005981015821210652,-0.05244660527071877,0.08231542611760896,4185600,20.82844712131553,0.027049999999999998,
9849,872,0.006736386011228509,-0.05053669167392248,0.08200601036290325,4190400,20.851413533621365,0.027014999999999997,
9857,873,0.004591908520766689,-0.056826935081289776,0.08526913939963277,4195200,20.874121896293428,0.02698,
9866,874,0.003645574628414276,-0.058019182890226756,0.08900697376509502,4200000,20.896866941650707,0.026945,
9873,875,0.003460899755979578,-0.060155120932055675,0.08631031770021715,4204800,20.919841338462298,0.02691,
9885,876,0.0037016457089824447,-0.059321160684824764,0.08395200826129319,4209600,20.9425510534313,0.026875,
9897,877,0.00486347469947456,-0.055369940073311835,0.08771389468262594,4214400,21.054089683228067,0.02684,
9915,878,0.0035839574307222695,-0.06046063391804637,0.08400396842976411,4219200,21.076720591518615,0.026805,
9933,879,0.005873373683910662,-0.05061067490605638,0.08311590995714072,4224000,21.0996743515465,0.02677,
9945,880,0.005485662834447188,-0.05436204403413285,0.0869335148305992,4228800,21.12234875175688,0.026735000000000002,
9962,881,0.005560373209300451,-0.05737307403129913,0.08511551373207067,4233600,21.145409329334896,0.0267,
9968,882,0.0038043248763036295,-0.05407882483511154,0.08142684987038379,4238400,21.168333418899113,0.026665,
9977,883,0.00483512032709162,-0.0568925255293531,0.08011287035442884,4243200,21.190989051527445,0.02663,
9991,884,0.0067826585208725495,-0.056995957771141546,0.07714197771254178,4248000,21.21392774615023,0.026595,
10000,885,0.0036015775539757064,-0.056033377931453285,0.07633803515276319,4252800,21.237015582852894,0.02656,
10012,886,0.006512909513548948,-0.051622182313622034,0.08022958539835616,4257600,21.26007536192735,0.026525,
10022,887,0.005404590150283184,-0.055288926740710544,0.07418239729690047,4262400,21.28351101749473,0.02649,
10037,888,0.00598942694972114,-0.05533501778536447,0.07658115169325466,4267200,21.30665395690335,0.026455,
10048,889,0.004719377456058283,-0.05396097928120677,0.07317158135065933,4272000,21.32972642454836,0.02642,
10064,890,0.006004650138493162,-0.053890168047413076,0.07508786669476823,4276800,21.352676551474467,0.026385,
10075,891,0.0046973763125909805,-0.05045593230958426,0.07677831526570023,4281600,21.37570126771927,0.02635,
10087,892,0.0066519652182857195,-0.048163510275117005,0.07609856238449615,4286400,21.39868687954214,0.026314999999999998,
10104,893,0.007993720608889513,-0.05057305599602842,0.07535566282749671,4291200,21.421410969429544,0.026279999999999998,
10119,894,0.004615974797828434,-0.049988200124547195,0.0759540820198059,4296000,21.444496202932463,0.026244999999999997,
10132,895,0.004641900615630827,-0.05553048616554103,0.07685059621238212,4300800,21.46787568701638,0.026209999999999997,
10143,896,0.004152362083065479,-0.05700052104172452,0.07462234978891412,4305600,21.49130739066336,0.026174999999999997,
10153,897,0.004836871849693125,-0.05413418763455411,0.07851662812262773,4310400,21.51399854057365,0.026139999999999997,
10169,898,0.0042486165703545945,-0.05561046599747594,0.07331216005621351,4315200,21.537006050944328,0.026104999999999996,
10179,899,0.0038594007812207563,-0.05484226395198372,0.06994315316616494,4320000,21.560390140546694,0.02607,
